Order_ID,Order_Date,Ship_Date,Ship_Mode,Customer_Name,Segment,Region,State,Category,Sub_Category,Sales,Quantity,Discount,Profit,Sales_capped,Profit_capped,Sales_norm,Quantity_norm,Discount_norm,Profit_norm,Category_enc,Segment_enc,Region_Central,Region_East,Region_South,Region_West,Ship_First Class,Ship_Same Day,Ship_Second Class,Ship_Standard Class,Month,is_outlier
ORD-10000,2023-04-13,2023-04-14,Same Day,Customer_224,Consumer,West,New York,Office Supplies,Binders,60.97,4.0,0.0,14.23,60.97,14.23,0.0885695861504195,0.2307692307692307,0.0,0.4103289791969037,1,0,False,False,False,True,False,True,False,False,2023-04-01,False
ORD-10001,2024-03-11,2024-03-12,Standard Class,Customer_109,Corporate,West,Texas,Office Supplies,Art,96.44,7.0,0.4,-4.22,96.44,-4.22,0.1446989987063492,0.4615384615384615,0.8,0.3210691823899371,1,1,False,False,False,True,False,False,False,True,2024-03-01,False
ORD-10002,2023-09-28,2023-09-29,Standard Class,Customer_188,Consumer,East,Ohio,Office Supplies,Labels,41.07,12.0,0.1,6.36,41.07,6.36,0.0570788810513781,0.8461538461538461,0.2,0.3722544750846637,1,0,False,True,False,False,False,False,False,True,2023-09-01,False
ORD-10003,2023-04-17,2023-04-20,First Class,Customer_76,Home Office,East,Georgia,Furniture,Tables,173.74,13.0,0.15,48.38,173.74,48.38,0.2670221898699624,0.9230769230769232,0.3,0.5755442670537011,0,2,False,True,False,False,True,False,False,False,2023-04-01,False
ORD-10004,2023-03-13,2023-03-19,Standard Class,Customer_17,Corporate,West,Pennsylvania,Office Supplies,Storage,32.94,2.0,0.1,9.67,32.94,9.67,0.0442135829380511,0.0769230769230769,0.2,0.3882680212868892,1,1,False,False,False,True,False,False,False,True,2023-03-01,False
ORD-10005,2024-12-01,2024-12-04,Standard Class,Customer_47,Corporate,West,Florida,Furniture,Tables,90.59,5.0,0.0,34.31,90.59,34.31,0.1354416808757264,0.3076923076923077,0.0,0.5074746008708273,0,1,False,False,False,True,False,False,False,True,2024-12-01,False
ORD-10006,2023-01-21,2023-01-27,Standard Class,Customer_216,Consumer,West,Illinois,Office Supplies,Art,31.32,8.0,0.1,1.62,31.32,1.62,0.0416500180003402,0.5384615384615384,0.2,0.3493226898887276,1,0,False,False,False,True,False,False,False,True,2023-01-01,False
ORD-10007,2024-09-06,2024-09-07,Standard Class,Customer_298,Corporate,Central,Florida,Office Supplies,Storage,64.36,7.0,0.0,19.82,64.36,19.82,0.0939340831497035,0.4615384615384615,0.0,0.4373730043541364,1,1,True,False,False,False,False,False,False,True,2024-09-01,False
ORD-10008,2023-05-02,2023-05-07,Standard Class,Customer_68,Corporate,West,Georgia,Office Supplies,Labels,68.31,7.0,0.15,10.87,68.31,10.87,0.1001847507447393,0.4615384615384615,0.3,0.3940735365263667,1,1,False,False,False,True,False,False,False,True,2023-05-01,False
ORD-10009,2024-04-11,2024-04-17,Second Class,Customer_168,Home Office,South,Texas,Office Supplies,Binders,43.77,6.0,0.1,8.04,43.77,8.04,0.0613514892808963,0.3846153846153846,0.2,0.3803821964199323,1,2,False,False,True,False,False,False,True,False,2024-04-01,False
ORD-10010,2023-08-03,2023-08-07,Standard Class,Customer_144,Consumer,South,Florida,Furniture,Chairs,393.04,3.0,0.2,53.76,393.04,53.76,0.614052924956384,0.1538461538461538,0.4,0.6015723270440252,0,0,False,False,True,False,False,False,False,True,2023-08-01,False
ORD-10011,2023-11-27,2023-12-01,Second Class,Customer_22,Consumer,South,Illinois,Office Supplies,Paper,48.38,5.0,0.0,12.57,48.38,12.57,0.0686465722209255,0.3076923076923077,0.0,0.4022980164489598,1,0,False,False,True,False,False,False,True,False,2023-11-01,False
ORD-10012,2024-04-03,2024-04-05,Standard Class,Customer_128,Consumer,East,Washington,Office Supplies,Art,51.72,13.0,0.0,18.99,51.72,18.99,0.0739319468455887,0.9230769230769232,0.0,0.4333575229801644,1,0,False,True,False,False,False,False,False,True,2024-04-01,False
ORD-10013,2023-03-29,2023-04-04,Standard Class,Customer_96,Consumer,East,Michigan,Office Supplies,Art,66.15,1.0,0.1,21.25,66.15,21.25,0.0967666641611248,0.0,0.2,0.4442912433478471,1,0,False,True,False,False,False,False,False,True,2023-03-01,False
ORD-10014,2024-01-08,2024-01-13,Standard Class,Customer_71,Corporate,East,Florida,Technology,Accessories,403.66,7.0,0.4,17.93,403.66,17.93,0.6308585173258221,0.4615384615384615,0.8,0.4282293178519593,2,1,False,True,False,False,False,False,False,True,2024-01-01,False
ORD-10015,2023-04-10,2023-04-13,Same Day,Customer_243,Home Office,West,Washington,Furniture,Furnishings,96.76,9.0,0.1,11.44,96.76,11.44,0.1452053819039217,0.6153846153846154,0.2,0.3968311562651185,0,2,False,False,False,True,False,True,False,False,2023-04-01,False
ORD-10016,2024-10-25,2024-10-26,Standard Class,Customer_218,Consumer,South,Washington,Office Supplies,Storage,149.42,1.0,0.1,62.75,149.42,62.75,0.2285370668544504,0.0,0.2,0.645065312046444,1,0,False,False,True,False,False,False,False,True,2024-10-01,False
ORD-10017,2023-05-11,2023-05-13,Second Class,Customer_246,Home Office,West,New York,Office Supplies,Storage,54.76,13.0,0.1,19.23,54.76,19.23,0.0787425872225277,0.9230769230769232,0.2,0.43451862602806,1,2,False,False,False,True,False,False,True,False,2023-05-01,False
ORD-10018,2024-10-23,2024-10-27,Standard Class,Customer_161,Consumer,Central,Michigan,Office Supplies,Art,24.55,2.0,0.0,18.525,24.55,18.525,0.0309368484766964,0.0769230769230769,0.0,0.4311078858248669,1,0,True,False,False,False,False,False,False,True,2024-10-01,False
ORD-10019,2023-11-05,2023-11-08,Standard Class,Customer_200,Consumer,Central,Pennsylvania,Office Supplies,Art,68.84,7.0,0.5,-9.54,68.84,-9.54,0.1010234479157188,0.4615384615384615,1.0,0.2953313981615868,1,0,True,False,False,False,False,False,False,True,2023-11-01,False
ORD-10020,2023-12-10,2023-12-13,Standard Class,Customer_246,Consumer,East,Illinois,Office Supplies,Binders,154.3,3.0,0.15,49.69,154.3,49.69,0.2362594106174315,0.1538461538461538,0.3,0.5818819545234639,1,0,False,True,False,False,False,False,False,True,2023-12-01,False
ORD-10021,2024-05-06,2024-05-07,Standard Class,Customer_227,Consumer,Central,Ohio,Technology,Machines,220.59,8.0,0.0,94.99,220.59,94.99,0.341159854889565,0.5384615384615384,0.0,0.8010401548137397,2,0,True,False,False,False,False,False,False,True,2024-05-01,False
ORD-10022,2024-02-18,2024-02-24,Standard Class,Customer_175,Home Office,South,Georgia,Office Supplies,Storage,178.46,7.0,0.15,18.23,178.46,18.23,0.2744913420341572,0.4615384615384615,0.3,0.4296806966618287,1,2,False,False,True,False,False,False,False,True,2024-02-01,False
ORD-10023,2024-01-21,2024-01-25,Standard Class,Customer_123,Consumer,Central,Ohio,Office Supplies,Paper,86.2,6.0,0.0,37.66,86.2,37.66,0.1284947363840284,0.3846153846153846,0.0,0.523681664247702,1,0,True,False,False,False,False,False,False,True,2024-01-01,False
ORD-10024,2023-07-11,2023-07-16,First Class,Customer_29,Corporate,East,Florida,Office Supplies,Storage,9.39,10.0,0.4,-0.21,9.39,-0.21,0.006946944491698,0.6923076923076923,0.8,0.3404692791485244,1,1,False,True,False,False,True,False,False,False,2023-07-01,False
ORD-10025,2023-10-04,2023-10-07,Standard Class,Customer_207,Consumer,West,Michigan,Office Supplies,Binders,186.79,10.0,0.0,52.51,186.79,52.51,0.287673129645967,0.6923076923076923,0.0,0.5955249153362361,1,0,False,False,False,True,False,False,False,True,2023-10-01,False
ORD-10026,2023-06-10,2023-06-11,Second Class,Customer_270,Home Office,Central,Florida,Furniture,Tables,55.32,11.0,0.15,18.525,55.32,18.525,0.0796287578182796,0.7692307692307693,0.3,0.4311078858248669,0,2,True,False,False,False,False,False,True,False,2023-06-01,False
ORD-10027,2024-04-04,2024-04-09,Standard Class,Customer_232,Consumer,South,Michigan,Office Supplies,Art,56.85,4.0,0.0,18.68,56.85,18.68,0.0820499024816732,0.2307692307692307,0.0,0.4318577648766327,1,0,False,False,True,False,False,False,False,True,2024-04-01,False
ORD-10028,2023-11-10,2023-11-16,Standard Class,Customer_90,Consumer,South,Illinois,Office Supplies,Art,96.76,9.0,0.2,7.6,96.76,7.6,0.1452053819039217,0.6153846153846154,0.4,0.3782535074987905,1,0,False,False,True,False,False,False,False,True,2023-11-01,False
ORD-10029,2023-01-22,2023-01-26,Second Class,Customer_45,Consumer,South,Georgia,Technology,Phones,151.96,1.0,0.2,45.13,151.96,45.13,0.2325564834851824,0.0,0.4,0.5598209966134495,2,0,False,False,True,False,False,False,True,False,2023-01-01,False
ORD-10030,2023-09-10,2023-09-16,Standard Class,Customer_155,Consumer,West,Georgia,Office Supplies,Paper,76.91,11.0,0.15,22.42,76.91,22.42,0.1137937991795009,0.7692307692307693,0.3,0.4499516207063377,1,0,False,False,False,True,False,False,False,True,2023-09-01,False
ORD-10031,2024-07-14,2024-07-17,Standard Class,Customer_97,Consumer,South,Illinois,Office Supplies,Art,119.14,2.0,0.1,20.06,119.14,20.06,0.1806205567841502,0.0769230769230769,0.2,0.4385341074020319,1,0,False,False,True,False,False,False,False,True,2024-07-01,False
ORD-10032,2024-04-19,2024-04-24,Second Class,Customer_53,Home Office,East,Pennsylvania,Office Supplies,Labels,13.3,14.0,0.3,1.48,13.3,1.48,0.0131343141870373,1.0,0.6,0.3486453797774552,1,2,False,True,False,False,False,False,True,False,2024-04-01,False
ORD-10033,2023-02-28,2023-03-05,First Class,Customer_210,Corporate,East,Washington,Office Supplies,Art,136.56,4.0,0.0,56.82,136.56,56.82,0.2081867921020046,0.2307692307692307,0.0,0.6163763909046929,1,1,False,True,False,False,True,False,False,False,2023-02-01,False
ORD-10034,2024-05-25,2024-05-30,Standard Class,Customer_9,Corporate,South,Michigan,Office Supplies,Labels,85.47,3.0,0.0,30.5,85.47,30.5,0.127339549714566,0.1538461538461538,0.0,0.4890420899854862,1,1,False,False,True,False,False,False,False,True,2024-05-01,False
ORD-10035,2024-11-12,2024-11-15,Standard Class,Customer_32,Corporate,Central,California,Office Supplies,Binders,130.47,1.0,0.0,39.54,130.47,39.54,0.1985496868732024,0.0,0.0,0.5327769714562167,1,1,True,False,False,False,False,False,False,True,2024-11-01,False
ORD-10036,2024-04-20,2024-04-23,First Class,Customer_63,Consumer,South,California,Technology,Phones,367.78,7.0,0.5,-52.44,367.78,-52.44,0.5740803012980026,0.4615384615384615,1.0,0.087784228350266,2,0,False,False,True,False,True,False,False,False,2024-04-01,False
ORD-10037,2024-11-30,2024-12-06,Standard Class,Customer_221,Consumer,East,Washington,Office Supplies,Art,183.93,7.0,0.1,53.49,183.93,53.49,0.2831473298176625,0.4615384615384615,0.2,0.6002660861151426,1,0,False,True,False,False,False,False,False,True,2024-11-01,False
ORD-10038,2023-07-09,2023-07-11,Second Class,Customer_169,Home Office,East,Florida,Office Supplies,Storage,64.83,2.0,0.2,13.16,64.83,13.16,0.0946778334711381,0.0769230769230769,0.4,0.4051523947750363,1,2,False,True,False,False,False,False,True,False,2023-07-01,False
ORD-10039,2024-11-17,2024-11-23,Standard Class,Customer_250,Home Office,East,Michigan,Technology,Phones,96.76,5.0,0.15,89.72,96.76,89.72,0.1452053819039217,0.3076923076923077,0.3,0.775544267053701,2,2,False,True,False,False,False,False,False,True,2024-11-01,False
ORD-10040,2024-07-16,2024-07-20,Standard Class,Customer_150,Home Office,Central,Texas,Office Supplies,Paper,60.93,6.0,0.0,8.56,60.93,8.56,0.088506288250723,0.3846153846153846,0.0,0.3828979196903725,1,2,True,False,False,False,False,False,False,True,2024-07-01,False
ORD-10041,2024-07-20,2024-07-21,Second Class,Customer_291,Home Office,Central,Georgia,Office Supplies,Art,11.15,11.0,0.0,2.75,11.15,2.75,0.0097320520783469,0.7692307692307693,0.0,0.3547895500725689,1,2,True,False,False,False,False,False,True,False,2024-07-01,False
ORD-10042,2023-09-01,2023-09-06,Standard Class,Customer_65,Consumer,Central,Ohio,Furniture,Tables,96.76,7.0,0.0,177.99,96.76,136.11499999999998,0.1452053819039217,0.4615384615384615,0.0,1.0,0,0,True,False,False,False,False,False,False,True,2023-09-01,True
ORD-10043,2024-05-19,2024-05-21,Standard Class,Customer_280,Consumer,East,Texas,Technology,Copiers,133.44,1.0,0.1,11.95,133.44,11.95,0.2032495559256724,0.0,0.2,0.3992985002418964,2,0,False,True,False,False,False,False,False,True,2024-05-01,False
ORD-10044,2023-05-11,2023-05-12,Standard Class,Customer_25,Consumer,West,Ohio,Furniture,Bookcases,122.43,7.0,0.0,54.45,122.43,54.45,0.1858268090341927,0.4615384615384615,0.0,0.6049104983067247,0,0,False,False,False,True,False,False,False,True,2023-05-01,False
ORD-10045,2024-04-29,2024-05-01,First Class,Customer_296,Consumer,South,Georgia,Office Supplies,Storage,6.84,4.0,0.0,2.96,6.84,2.96,0.002911703386042,0.2307692307692307,0.0,0.3558055152394774,1,0,False,False,True,False,True,False,False,False,2024-04-01,False
ORD-10046,2024-10-08,2024-10-14,Second Class,Customer_222,Consumer,South,California,Furniture,Bookcases,50.19,8.0,0.3,4.18,50.19,4.18,0.0715108021821951,0.5384615384615384,0.6,0.3617077890662796,0,0,False,False,True,False,False,False,True,False,2024-10-01,False
ORD-10047,2023-01-21,2023-01-24,Standard Class,Customer_33,Consumer,East,Illinois,Office Supplies,Storage,117.42,13.0,0.4,4.44,117.42,4.44,0.1778987470971979,0.9230769230769232,0.8,0.3629656507014997,1,0,False,True,False,False,False,False,False,True,2023-01-01,False
ORD-10048,2023-06-16,2023-06-21,Standard Class,Customer_297,Corporate,Central,Pennsylvania,Office Supplies,Storage,44.99,4.0,0.0,17.65,44.99,17.65,0.0632820752216415,0.2307692307692307,0.0,0.4268746976294145,1,1,True,False,False,False,False,False,False,True,2023-06-01,False
ORD-10049,2023-10-01,2023-10-07,Second Class,Customer_45,Home Office,West,New York,Furniture,Chairs,372.83,6.0,0.0,127.01,372.83,127.01,0.582071661134694,0.3846153846153846,0.0,0.9559506531204645,0,2,False,False,False,True,False,False,True,False,2023-10-01,False
ORD-10050,2024-01-23,2024-01-24,First Class,Customer_263,Corporate,West,Florida,Furniture,Chairs,572.96,9.0,0.0,137.56,572.96,136.11499999999998,0.8987668777915365,0.6153846153846154,0.0,1.0,0,1,False,False,False,True,True,False,False,False,2024-01-01,True
ORD-10051,2024-08-23,2024-08-24,Second Class,Customer_16,Home Office,Central,Washington,Furniture,Tables,152.5,5.0,0.15,44.59,152.5,44.59,0.233411005131086,0.3076923076923077,0.3,0.5572085147556846,0,2,True,False,False,False,False,False,True,False,2024-08-01,False
ORD-10052,2023-11-12,2023-11-13,Standard Class,Customer_205,Consumer,South,California,Office Supplies,Labels,30.28,14.0,0.3,5.83,30.28,5.83,0.0400042726082295,1.0,0.6,0.3696903725205612,1,0,False,False,True,False,False,False,False,True,2023-11-01,False
ORD-10053,2023-01-14,2023-01-15,Second Class,Customer_51,Consumer,South,Illinois,Office Supplies,Paper,104.21,12.0,0.0,26.4,104.21,26.4,0.156994615722407,0.8461538461538461,0.0,0.469206579583938,1,0,False,False,True,False,False,False,True,False,2023-01-01,False
ORD-10054,2023-08-30,2023-08-31,Second Class,Customer_166,Corporate,West,Illinois,Office Supplies,Art,35.42,4.0,0.0,8.4,35.42,8.4,0.0481380527192382,0.2307692307692307,0.0,0.3821238509917755,1,1,False,False,False,True,False,False,True,False,2023-08-01,False
ORD-10055,2023-12-12,2023-12-14,Standard Class,Customer_90,Consumer,West,Ohio,Office Supplies,Art,123.52,8.0,0.2,19.65,123.52,19.65,0.1875516768009242,0.5384615384615384,0.4,0.436550556361877,1,0,False,False,False,True,False,False,False,True,2023-12-01,False
ORD-10056,2024-07-18,2024-07-24,Standard Class,Customer_29,Consumer,Central,Illinois,Office Supplies,Binders,49.92,13.0,0.15,8.23,49.92,8.23,0.0710835413592432,0.9230769230769232,0.3,0.3813014029995162,1,0,True,False,False,False,False,False,False,True,2024-07-01,False
ORD-10057,2023-12-06,2023-12-11,Standard Class,Customer_52,Consumer,South,Michigan,Furniture,Bookcases,683.78,9.0,0.0,247.25,636.9324999999999,136.11499999999998,1.0,0.6153846153846154,0.0,1.0,0,0,False,False,True,False,False,False,False,True,2023-12-01,True
ORD-10058,2023-04-02,2023-04-05,Second Class,Customer_29,Consumer,West,Florida,Office Supplies,Art,36.16,4.0,0.15,18.525,36.16,18.525,0.0493090638636246,0.2307692307692307,0.3,0.4311078858248669,1,0,False,False,False,True,False,False,True,False,2023-04-01,False
ORD-10059,2024-01-02,2024-01-05,Standard Class,Customer_197,Corporate,South,New York,Technology,Phones,944.56,3.0,0.0,160.9,636.9324999999999,136.11499999999998,1.0,0.1538461538461538,0.0,1.0,2,1,False,False,True,False,False,False,False,True,2024-01-01,True
ORD-10060,2024-03-30,2024-04-05,Second Class,Customer_239,Consumer,West,California,Office Supplies,Labels,96.76,8.0,0.1,5.72,96.76,5.72,0.1452053819039217,0.5384615384615384,0.2,0.3691582002902757,1,0,False,False,False,True,False,False,True,False,2024-03-01,False
ORD-10061,2024-03-03,2024-03-09,First Class,Customer_259,Corporate,Central,Michigan,Office Supplies,Paper,68.43,14.0,0.2,9.41,68.43,9.41,0.100374644443829,1.0,0.4,0.3870101596516691,1,1,True,False,False,False,True,False,False,False,2024-03-01,False
ORD-10062,2024-05-23,2024-05-26,First Class,Customer_228,Corporate,South,California,Office Supplies,Labels,33.82,5.0,0.2,7.13,33.82,7.13,0.0456061367313755,0.3076923076923077,0.4,0.3759796806966618,1,1,False,False,True,False,True,False,False,False,2024-05-01,False
ORD-10063,2023-02-04,2023-02-07,First Class,Customer_262,Consumer,West,Pennsylvania,Office Supplies,Storage,48.83,2.0,0.1,15.11,48.83,15.11,0.0693586735925118,0.0769230769230769,0.2,0.4145863570391872,1,0,False,False,False,True,True,False,False,False,2023-02-01,False
ORD-10064,2023-07-25,2023-07-27,Same Day,Customer_47,Consumer,West,New York,Office Supplies,Storage,84.34,10.0,0.4,4.12,84.34,4.12,0.1255513840481381,0.6923076923076923,0.8,0.3614175133043057,1,0,False,False,False,True,False,True,False,False,2023-07-01,False
ORD-10065,2023-03-22,2023-03-26,Standard Class,Customer_151,Consumer,West,Illinois,Furniture,Bookcases,257.28,9.0,0.1,68.17,257.28,68.17,0.3992198533862398,0.6153846153846154,0.2,0.6712868892114175,0,0,False,False,False,True,False,False,False,True,2023-03-01,False
ORD-10066,2024-07-15,2024-07-20,Second Class,Customer_117,Consumer,West,Pennsylvania,Furniture,Chairs,530.97,3.0,0.2,102.82,530.97,102.82,0.8323199075850666,0.1538461538461538,0.4,0.8389211417513304,0,0,False,False,False,True,False,False,True,False,2024-07-01,False
ORD-10067,2024-01-23,2024-01-24,Standard Class,Customer_266,Corporate,Central,Ohio,Furniture,Furnishings,565.98,12.0,0.1,160.24,565.98,136.11499999999998,0.8877213942944857,0.8461538461538461,0.2,1.0,0,1,True,False,False,False,False,False,False,True,2024-01-01,True
ORD-10068,2023-01-02,2023-01-06,First Class,Customer_83,Corporate,South,Pennsylvania,Technology,Accessories,345.56,2.0,0.3,10.22,345.56,10.22,0.5389183180165604,0.0769230769230769,0.6,0.3909288824383163,2,1,False,False,True,False,True,False,False,False,2023-01-01,False
ORD-10069,2024-01-25,2024-01-31,Standard Class,Customer_212,Corporate,South,Texas,Office Supplies,Storage,86.69,1.0,0.3,-5.26,86.69,-5.26,0.1292701356553113,0.0,0.6,0.3160377358490566,1,1,False,False,True,False,False,False,False,True,2024-01-01,False
ORD-10070,2024-07-19,2024-07-22,Same Day,Customer_21,Consumer,East,Ohio,Furniture,Tables,234.53,14.0,0.0,59.21,234.53,59.21,0.3632191729338181,1.0,0.0,0.6279390420899854,0,0,False,True,False,False,False,True,False,False,2024-07-01,False
ORD-10071,2023-04-16,2023-04-20,Second Class,Customer_217,Corporate,South,New York,Furniture,Tables,328.23,8.0,0.4,-6.02,328.23,-6.02,0.5114945029730233,0.5384615384615384,0.8,0.3123609095307209,0,1,False,False,True,False,False,False,True,False,2023-04-01,False
ORD-10072,2024-04-21,2024-04-26,First Class,Customer_183,Corporate,East,Florida,Office Supplies,Storage,77.84,11.0,0.3,1.33,77.84,1.33,0.1152654753474461,0.7692307692307693,0.6,0.3479196903725205,1,1,False,True,False,False,True,False,False,False,2024-04-01,False
ORD-10073,2024-12-03,2024-12-09,Standard Class,Customer_27,Consumer,West,Texas,Furniture,Furnishings,181.71,3.0,0.1,19.49,181.71,19.49,0.2796342963845031,0.1538461538461538,0.2,0.4357764876632801,0,0,False,False,False,True,False,False,False,True,2024-12-01,False
ORD-10074,2024-02-06,2024-02-07,Standard Class,Customer_55,Corporate,Central,California,Office Supplies,Storage,12.86,7.0,0.0,6.35,12.86,6.35,0.0124380372903751,0.4615384615384615,0.0,0.3722060957910014,1,1,True,False,False,False,False,False,False,True,2024-02-01,False
ORD-10075,2024-12-30,2024-12-31,First Class,Customer_209,Consumer,Central,Washington,Technology,Accessories,190.9,1.0,0.1,45.57,190.9,45.57,0.2941769888397891,0.0,0.2,0.5619496855345912,2,0,True,False,False,False,True,False,False,False,2024-12-01,False
ORD-10076,2024-07-09,2024-07-14,Standard Class,Customer_207,Corporate,West,Washington,Office Supplies,Storage,33.78,1.0,0.3,2.02,33.78,2.02,0.045542838831679,0.0,0.6,0.3512578616352201,1,1,False,False,False,True,False,False,False,True,2024-07-01,False
ORD-10077,2023-06-11,2023-06-16,First Class,Customer_70,Corporate,East,Texas,Office Supplies,Paper,101.63,12.0,0.0,41.04,101.63,41.04,0.1529119011919786,0.8461538461538461,0.0,0.5400338655055636,1,1,False,True,False,False,True,False,False,False,2023-06-01,False
ORD-10078,2023-07-21,2023-07-24,Standard Class,Customer_22,Consumer,West,Florida,Technology,Accessories,288.48,9.0,0.4,-12.58,288.48,-12.58,0.4485922151495611,0.6153846153846154,0.8,0.2806240928882438,2,0,False,False,False,True,False,False,False,True,2023-07-01,False
ORD-10079,2023-09-27,2023-09-28,Second Class,Customer_20,Corporate,Central,Michigan,Office Supplies,Storage,87.99,12.0,0.0,31.58,87.99,31.58,0.1313273173954497,0.8461538461538461,0.0,0.494267053701016,1,1,True,False,False,False,False,False,True,False,2023-09-01,False
ORD-10080,2023-09-28,2023-10-04,Standard Class,Customer_135,Consumer,Central,Washington,Furniture,Chairs,18.74,8.0,0.0,7.22,18.74,7.22,0.0217428285457703,0.5384615384615384,0.0,0.3764150943396226,0,0,True,False,False,False,False,False,False,True,2023-09-01,False
ORD-10081,2024-03-31,2024-04-04,Second Class,Customer_39,Consumer,South,Texas,Office Supplies,Labels,19.04,12.0,0.1,4.31,19.04,4.31,0.0222175627934945,0.8461538461538461,0.2,0.3623367198838897,1,0,False,False,True,False,False,False,True,False,2024-03-01,False
ORD-10082,2024-04-06,2024-04-12,Second Class,Customer_299,Home Office,East,New York,Technology,Accessories,266.51,13.0,0.15,42.69,266.51,42.69,0.4138258437412224,0.9230769230769232,0.3,0.5480164489598451,2,2,False,True,False,False,False,False,True,False,2024-04-01,False
ORD-10083,2024-12-27,2024-12-29,Standard Class,Customer_210,Home Office,South,Georgia,Technology,Accessories,980.01,3.0,0.15,306.66,636.9324999999999,136.11499999999998,1.0,0.1538461538461538,0.3,1.0,2,2,False,False,True,False,False,False,False,True,2024-12-01,True
ORD-10084,2023-09-09,2023-09-11,Standard Class,Customer_5,Consumer,Central,Florida,Office Supplies,Labels,56.5,6.0,0.0,22.55,56.5,22.55,0.0814960458593283,0.3846153846153846,0.0,0.4505805515239477,1,0,True,False,False,False,False,False,False,True,2023-09-01,False
ORD-10085,2024-12-02,2024-12-07,Standard Class,Customer_241,Consumer,Central,Florida,Furniture,Tables,120.52,11.0,0.4,-22.94,120.52,-22.94,0.1828043343236817,0.7692307692307693,0.8,0.230503144654088,0,0,True,False,False,False,False,False,False,True,2024-12-01,False
ORD-10086,2023-10-23,2023-10-26,Second Class,Customer_157,Consumer,South,Michigan,Technology,Phones,58.95,3.0,0.0,17.48,58.95,17.48,0.085373042215743,0.1538461538461538,0.0,0.4260522496371553,2,0,False,False,True,False,False,False,True,False,2023-10-01,False
ORD-10087,2024-12-25,2024-12-27,Standard Class,Customer_147,Consumer,South,Ohio,Technology,Phones,473.65,13.0,0.0,136.17,473.65,136.11499999999998,0.7416140173198879,0.9230769230769232,0.0,1.0,2,0,False,False,True,False,False,False,False,True,2024-12-01,True
ORD-10088,2024-12-20,2024-12-21,Second Class,Customer_196,Home Office,Central,Illinois,Office Supplies,Paper,23.04,12.0,0.0,6.92,23.04,6.92,0.0285473527631511,0.8461538461538461,0.0,0.3749637155297532,1,2,True,False,False,False,False,False,True,False,2024-12-01,False
ORD-10089,2023-12-04,2023-12-10,Standard Class,Customer_168,Home Office,South,Washington,Technology,Copiers,212.23,4.0,0.15,60.27,212.23,60.27,0.3279305938529827,0.2307692307692307,0.3,0.6330672472181906,2,2,False,False,True,False,False,False,False,True,2023-12-01,False
ORD-10090,2023-02-22,2023-02-28,Standard Class,Customer_43,Corporate,South,Illinois,Technology,Phones,149.83,1.0,0.4,-8.47,149.83,-8.47,0.2291858703263403,0.0,0.8,0.3005079825834543,2,1,False,False,True,False,False,False,False,True,2023-02-01,False
ORD-10091,2023-08-05,2023-08-10,Standard Class,Customer_3,Consumer,East,Illinois,Office Supplies,Storage,23.38,5.0,0.15,2.43,23.38,2.43,0.0290853849105719,0.3076923076923077,0.3,0.3532414126753749,1,0,False,True,False,False,False,False,False,True,2023-08-01,False
ORD-10092,2023-07-07,2023-07-11,Standard Class,Customer_232,Corporate,Central,New York,Office Supplies,Art,15.97,1.0,0.1,0.79,15.97,0.79,0.0173594489917831,0.0,0.2,0.3453072085147557,1,1,True,False,False,False,False,False,False,True,2023-07-01,False
ORD-10093,2024-01-15,2024-01-20,Standard Class,Customer_32,Consumer,West,California,Office Supplies,Paper,48.5,13.0,0.0,19.08,48.5,19.08,0.0688364659200152,0.9230769230769232,0.0,0.4337929366231253,1,0,False,False,False,True,False,False,False,True,2024-01-01,False
ORD-10094,2024-05-07,2024-05-11,Same Day,Customer_36,Home Office,East,Illinois,Furniture,Furnishings,344.86,1.0,0.1,83.6,344.86,83.6,0.5378106047718705,0.0,0.2,0.7459361393323658,0,2,False,True,False,False,False,True,False,False,2024-05-01,False
ORD-10095,2023-02-10,2023-02-15,First Class,Customer_120,Home Office,West,Florida,Office Supplies,Binders,23.85,10.0,0.1,4.97,23.85,4.97,0.0298291352320065,0.6923076923076923,0.2,0.3655297532656023,1,2,False,False,False,True,True,False,False,False,2023-02-01,False
ORD-10096,2023-06-06,2023-06-11,Standard Class,Customer_97,Corporate,South,Michigan,Office Supplies,Binders,150.57,11.0,0.1,43.14,150.57,43.14,0.2303568814707267,0.7692307692307693,0.2,0.5501935171746493,1,1,False,False,True,False,False,False,False,True,2023-06-01,False
ORD-10097,2023-01-15,2023-01-20,Second Class,Customer_95,Consumer,South,Michigan,Technology,Phones,551.05,11.0,0.0,264.2,551.05,136.11499999999998,0.8640954532327425,0.7692307692307693,0.0,1.0,2,0,False,False,True,False,False,False,True,False,2023-01-01,True
ORD-10098,2023-03-06,2023-03-10,First Class,Customer_226,Consumer,West,Georgia,Technology,Phones,45.3,14.0,0.15,11.41,45.3,11.41,0.0637726339442899,1.0,0.3,0.3966860183841316,2,0,False,False,False,True,True,False,False,False,2023-03-01,False
ORD-10099,2024-06-04,2024-06-08,Standard Class,Customer_6,Consumer,South,California,Office Supplies,Storage,55.34,7.0,0.1,20.15,55.34,20.15,0.0796604067681279,0.4615384615384615,0.2,0.4389695210449927,1,0,False,False,True,False,False,False,False,True,2024-06-01,False
ORD-10100,2023-12-10,2023-12-15,Standard Class,Customer_224,Home Office,South,Ohio,Furniture,Bookcases,365.2,12.0,0.2,45.21,365.2,45.21,0.5699975867675742,0.8461538461538461,0.4,0.560208030962748,0,2,False,False,True,False,False,False,False,True,2023-12-01,False
ORD-10101,2023-05-09,2023-05-11,Standard Class,Customer_160,Consumer,East,Florida,Office Supplies,Art,65.03,6.0,0.1,16.86,65.03,16.86,0.0949943229696209,0.3846153846153846,0.2,0.4230527334300919,1,0,False,True,False,False,False,False,False,True,2023-05-01,False
ORD-10102,2024-10-09,2024-10-12,Standard Class,Customer_88,Consumer,West,Florida,Furniture,Chairs,281.63,2.0,0.0,97.93,281.63,97.93,0.4377524498265243,0.0769230769230769,0.0,0.8152636671504596,0,0,False,False,False,True,False,False,False,True,2024-10-01,False
ORD-10103,2024-04-16,2024-04-19,Same Day,Customer_278,Consumer,East,Georgia,Office Supplies,Labels,84.99,14.0,0.15,19.08,84.99,19.08,0.1265799749182072,1.0,0.3,0.4337929366231253,1,0,False,True,False,False,False,True,False,False,2024-04-01,False
ORD-10104,2023-03-04,2023-03-07,Second Class,Customer_82,Home Office,West,Pennsylvania,Office Supplies,Art,106.41,11.0,0.0,40.99,106.41,40.99,0.1604760002057182,0.7692307692307693,0.0,0.539791969037252,1,2,False,False,False,True,False,False,True,False,2023-03-01,False
ORD-10105,2023-05-19,2023-05-23,Standard Class,Customer_275,Consumer,East,Georgia,Technology,Phones,553.73,12.0,0.3,3.59,553.73,3.59,0.8683364125124124,0.8461538461538461,0.6,0.3588534107402032,2,0,False,True,False,False,False,False,False,True,2023-05-01,False
ORD-10106,2024-05-13,2024-05-17,Standard Class,Customer_6,Home Office,Central,Illinois,Office Supplies,Labels,121.53,2.0,0.15,32.42,121.53,32.42,0.18440260629102,0.0769230769230769,0.3,0.4983309143686502,1,2,True,False,False,False,False,False,False,True,2024-05-01,False
ORD-10107,2024-08-15,2024-08-17,First Class,Customer_124,Home Office,Central,Texas,Technology,Phones,718.51,11.0,0.1,157.91,636.9324999999999,136.11499999999998,1.0,0.7692307692307693,0.2,1.0,2,2,True,False,False,False,True,False,False,False,2024-08-01,True
ORD-10108,2024-01-27,2024-01-30,First Class,Customer_231,Home Office,West,Michigan,Technology,Phones,96.76,7.0,0.4,-36.67,96.76,-36.67,0.1452053819039217,0.4615384615384615,0.8,0.1640783744557329,2,2,False,False,False,True,True,False,False,False,2024-01-01,False
ORD-10109,2024-11-05,2024-11-08,Second Class,Customer_91,Consumer,Central,Georgia,Office Supplies,Labels,64.81,1.0,0.1,27.92,64.81,27.92,0.0946461845212898,0.0,0.2,0.4765602322206095,1,0,True,False,False,False,False,False,True,False,2024-11-01,False
ORD-10110,2024-02-23,2024-02-28,Second Class,Customer_62,Consumer,East,Illinois,Technology,Accessories,568.82,13.0,0.0,175.87,568.82,136.11499999999998,0.892215545172942,0.9230769230769232,0.0,1.0,2,0,False,True,False,False,False,False,True,False,2024-02-01,True
ORD-10111,2023-10-16,2023-10-20,Standard Class,Customer_95,Consumer,West,Washington,Office Supplies,Labels,103.57,2.0,0.15,28.31,103.57,28.31,0.155981849327262,0.0769230769230769,0.3,0.4784470246734398,1,0,False,False,False,True,False,False,False,True,2023-10-01,False
ORD-10112,2024-01-14,2024-01-17,First Class,Customer_145,Consumer,Central,California,Office Supplies,Labels,46.25,12.0,0.0,22.47,46.25,22.47,0.0652759590620833,0.8461538461538461,0.0,0.4501935171746492,1,0,True,False,False,False,True,False,False,False,2024-01-01,False
ORD-10113,2024-05-04,2024-05-10,First Class,Customer_180,Consumer,Central,Florida,Office Supplies,Storage,61.04,8.0,0.2,-0.93,61.04,-0.93,0.0886803574748885,0.5384615384615384,0.4,0.3369859700048379,1,0,True,False,False,False,True,False,False,False,2024-05-01,False
ORD-10114,2023-08-19,2023-08-21,Standard Class,Customer_23,Corporate,West,Pennsylvania,Office Supplies,Storage,7.57,6.0,0.2,1.97,7.57,1.97,0.0040668900555043,0.3846153846153846,0.4,0.3510159651669085,1,1,False,False,False,True,False,False,False,True,2023-08-01,False
ORD-10115,2023-02-10,2023-02-16,Second Class,Customer_74,Consumer,Central,California,Office Supplies,Storage,35.59,14.0,0.5,-1.71,35.59,-1.71,0.0484070687929486,1.0,1.0,0.3332123850991775,1,0,True,False,False,False,False,False,True,False,2023-02-01,False
ORD-10116,2023-01-28,2023-02-03,Standard Class,Customer_152,Home Office,Central,Illinois,Office Supplies,Paper,5.0,2.0,0.1,1.96,5.0,1.96,0.0,0.0769230769230769,0.2,0.3509675858732462,1,2,True,False,False,False,False,False,False,True,2023-01-01,False
ORD-10117,2023-05-15,2023-05-17,Standard Class,Customer_124,Consumer,West,Ohio,Office Supplies,Paper,22.68,7.0,0.1,3.75,22.68,3.75,0.027977671665882,0.4615384615384615,0.2,0.3596274794388002,1,0,False,False,False,True,False,False,False,True,2023-05-01,False
ORD-10118,2023-07-20,2023-07-26,Standard Class,Customer_24,Corporate,Central,Washington,Office Supplies,Labels,28.2,4.0,0.2,8.07,28.2,8.07,0.0367127818240081,0.2307692307692307,0.4,0.3805273343009192,1,1,True,False,False,False,False,False,False,True,2023-07-01,False
ORD-10119,2023-02-02,2023-02-05,Standard Class,Customer_239,Corporate,Central,Illinois,Office Supplies,Storage,75.58,2.0,0.0,21.98,75.58,21.98,0.1116891440145901,0.0769230769230769,0.0,0.4478229317851959,1,1,True,False,False,False,False,False,False,True,2023-02-01,False
ORD-10120,2023-02-17,2023-02-21,Standard Class,Customer_165,Corporate,Central,Texas,Office Supplies,Paper,26.25,12.0,0.1,9.04,26.25,9.04,0.0336270092138005,0.8461538461538461,0.2,0.3852201257861635,1,1,True,False,False,False,False,False,False,True,2023-02-01,False
ORD-10121,2024-05-17,2024-05-19,Standard Class,Customer_245,Home Office,Central,New York,Office Supplies,Binders,48.6,6.0,0.1,12.49,48.6,12.49,0.0689947106692566,0.3846153846153846,0.2,0.4019109820996613,1,2,True,False,False,False,False,False,False,True,2024-05-01,False
ORD-10122,2024-02-11,2024-02-16,Standard Class,Customer_249,Corporate,South,Illinois,Office Supplies,Labels,65.09,11.0,0.0,26.8,65.09,26.8,0.0950892698191658,0.7692307692307693,0.0,0.4711417513304305,1,1,False,False,True,False,False,False,False,True,2024-02-01,False
ORD-10123,2024-07-27,2024-08-02,Standard Class,Customer_153,Home Office,West,Georgia,Furniture,Tables,276.79,9.0,0.1,73.05,276.79,73.05,0.4300934039632398,0.6153846153846154,0.2,0.694895984518626,0,2,False,False,False,True,False,False,False,True,2024-07-01,False
ORD-10124,2024-12-28,2024-12-30,Standard Class,Customer_152,Consumer,South,Illinois,Office Supplies,Art,30.97,11.0,0.3,-2.08,30.97,-2.08,0.0410961613779952,0.7692307692307693,0.6,0.331422351233672,1,0,False,False,True,False,False,False,False,True,2024-12-01,False
ORD-10125,2023-04-09,2023-04-10,Standard Class,Customer_139,Consumer,South,Georgia,Furniture,Chairs,798.96,9.0,0.3,-135.54,636.9324999999999,-70.585,1.0,0.6153846153846154,0.6,0.0,0,0,False,False,True,False,False,False,False,True,2023-04-01,True
ORD-10126,2024-11-14,2024-11-15,Second Class,Customer_182,Consumer,East,Ohio,Office Supplies,Art,88.45,14.0,0.0,32.44,88.45,32.44,0.1320552432419602,1.0,0.0,0.4984276729559748,1,0,False,True,False,False,False,False,True,False,2024-11-01,False
ORD-10127,2024-12-26,2024-12-30,Standard Class,Customer_202,Consumer,South,Florida,Office Supplies,Storage,45.12,8.0,0.0,14.84,45.12,14.84,0.0634877933956554,0.5384615384615384,0.0,0.4132801161103048,1,0,False,False,True,False,False,False,False,True,2024-12-01,False
ORD-10128,2024-06-30,2024-07-03,Standard Class,Customer_135,Consumer,South,Michigan,Office Supplies,Art,36.2,3.0,0.0,13.82,36.2,13.82,0.0493723617633212,0.1538461538461538,0.0,0.4083454281567489,1,0,False,False,True,False,False,False,False,True,2024-06-01,False
ORD-10129,2024-09-04,2024-09-08,First Class,Customer_158,Consumer,East,New York,Office Supplies,Storage,63.25,3.0,0.3,3.78,63.25,3.78,0.0921775664331238,0.1538461538461538,0.6,0.3597726173197871,1,0,False,True,False,False,True,False,False,False,2024-09-01,False
ORD-10130,2024-04-06,2024-04-10,Second Class,Customer_8,Consumer,Central,Ohio,Technology,Phones,470.97,2.0,0.0,240.87,470.97,136.11499999999998,0.737373058040218,0.0769230769230769,0.0,1.0,2,0,True,False,False,False,False,False,True,False,2024-04-01,True
ORD-10131,2024-10-04,2024-10-08,First Class,Customer_134,Consumer,Central,Georgia,Technology,Copiers,96.76,5.0,0.2,-661.02,96.76,-70.585,0.1452053819039217,0.3076923076923077,0.4,0.0,2,0,True,False,False,False,True,False,False,False,2024-10-01,True
ORD-10132,2023-01-05,2023-01-09,Standard Class,Customer_176,Consumer,South,Michigan,Technology,Machines,230.69,14.0,0.0,72.49,230.69,72.49,0.3571425745629478,1.0,0.0,0.6921867440735365,2,0,False,False,True,False,False,False,False,True,2023-01-01,False
ORD-10133,2023-08-06,2023-08-11,Standard Class,Customer_149,Home Office,East,Texas,Technology,Copiers,32.13,12.0,0.15,7.78,32.13,7.78,0.0429318004691956,0.8461538461538461,0.3,0.3791243347847121,2,2,False,True,False,False,False,False,False,True,2023-08-01,False
ORD-10134,2024-05-17,2024-05-22,Second Class,Customer_33,Consumer,Central,California,Furniture,Chairs,366.05,7.0,0.1,82.62,366.05,82.62,0.5713426671361262,0.4615384615384615,0.2,0.7411949685534591,0,0,True,False,False,False,False,False,True,False,2024-05-01,False
ORD-10135,2024-02-02,2024-02-04,Standard Class,Customer_17,Corporate,East,New York,Furniture,Bookcases,145.55,4.0,0.2,25.83,145.55,25.83,0.2224129950588077,0.2307692307692307,0.4,0.4664489598451862,0,1,False,True,False,False,False,False,False,True,2024-02-01,False
ORD-10136,2024-01-28,2024-01-29,Standard Class,Customer_10,Consumer,West,Pennsylvania,Office Supplies,Labels,133.98,7.0,0.0,33.84,133.98,33.84,0.2041040775715761,0.4615384615384615,0.0,0.5052007740686986,1,0,False,False,False,True,False,False,False,True,2024-01-01,False
ORD-10137,2023-07-26,2023-07-30,Standard Class,Customer_182,Home Office,West,Ohio,Office Supplies,Paper,18.37,4.0,0.15,3.94,18.37,3.94,0.021157322973577,0.2307692307692307,0.3,0.3605466860183841,1,2,False,False,False,True,False,False,False,True,2023-07-01,False
ORD-10138,2023-01-15,2023-01-17,First Class,Customer_183,Home Office,West,California,Office Supplies,Storage,37.57,9.0,0.0,11.71,37.57,11.71,0.0515403148279286,0.6153846153846154,0.0,0.3981373971940009,1,2,False,False,False,True,True,False,False,False,2023-01-01,False
ORD-10139,2024-07-07,2024-07-08,Standard Class,Customer_31,Corporate,West,California,Office Supplies,Art,131.2,12.0,0.1,10.52,131.2,10.52,0.1997048735426647,0.8461538461538461,0.2,0.3923802612481857,1,1,False,False,False,True,False,False,False,True,2024-07-01,False
ORD-10140,2024-04-05,2024-04-11,First Class,Customer_122,Corporate,South,Illinois,Office Supplies,Storage,37.38,12.0,0.3,8.9,37.38,8.9,0.0512396498043699,0.8461538461538461,0.6,0.3845428156748912,1,1,False,False,True,False,True,False,False,False,2024-04-01,False
ORD-10141,2024-11-21,2024-11-24,First Class,Customer_10,Consumer,West,Illinois,Office Supplies,Labels,25.14,2.0,0.0,6.62,25.14,6.62,0.0318704924972208,0.0769230769230769,0.0,0.3735123367198839,1,0,False,False,False,True,True,False,False,False,2024-11-01,False
ORD-10142,2024-07-28,2024-08-02,Standard Class,Customer_60,Home Office,West,Pennsylvania,Office Supplies,Binders,103.37,11.0,0.3,8.33,103.37,8.33,0.1556653598287792,0.7692307692307693,0.6,0.3817851959361393,1,2,False,False,False,True,False,False,False,True,2024-07-01,False
ORD-10143,2023-08-29,2023-09-04,Second Class,Customer_230,Home Office,East,Pennsylvania,Office Supplies,Storage,1064.87,14.0,0.15,192.85,636.9324999999999,136.11499999999998,1.0,1.0,0.3,1.0,1,2,False,True,False,False,False,False,True,False,2023-08-01,True
ORD-10144,2024-07-17,2024-07-18,Second Class,Customer_91,Home Office,Central,Georgia,Technology,Copiers,60.85,6.0,0.0,22.74,60.85,22.74,0.0883796924513298,0.3846153846153846,0.0,0.4514997581035316,2,2,True,False,False,False,False,False,True,False,2024-07-01,False
ORD-10145,2023-04-06,2023-04-12,First Class,Customer_47,Corporate,East,Pennsylvania,Office Supplies,Paper,96.11,7.0,0.1,15.19,96.11,15.19,0.1441767910338525,0.4615384615384615,0.2,0.4149733913884857,1,1,False,True,False,False,True,False,False,False,2023-04-01,False
ORD-10146,2024-04-29,2024-05-02,Standard Class,Customer_100,Consumer,South,California,Technology,Copiers,684.58,4.0,0.0,285.63,636.9324999999999,136.11499999999998,1.0,0.2307692307692307,0.0,1.0,2,0,False,False,True,False,False,False,False,True,2024-04-01,True
ORD-10147,2024-02-11,2024-02-12,Standard Class,Customer_70,Home Office,West,Georgia,Furniture,Tables,255.8,13.0,0.2,85.15,255.8,85.15,0.396877831097467,0.9230769230769232,0.4,0.7534349298500242,0,2,False,False,False,True,False,False,False,True,2024-02-01,False
ORD-10148,2023-08-19,2023-08-25,Standard Class,Customer_23,Consumer,Central,Michigan,Technology,Phones,140.37,6.0,0.2,14.44,140.37,14.44,0.2142159170481025,0.3846153846153846,0.4,0.4113449443638122,2,0,True,False,False,False,False,False,False,True,2023-08-01,False
ORD-10149,2024-10-16,2024-10-21,Same Day,Customer_64,Corporate,Central,Florida,Office Supplies,Paper,137.35,7.0,0.0,61.44,137.35,61.44,0.2094369256210117,0.4615384615384615,0.0,0.6387276245766811,1,1,True,False,False,False,False,True,False,False,2024-10-01,False
ORD-10150,2023-06-20,2023-06-25,Standard Class,Customer_161,Consumer,Central,Florida,Office Supplies,Storage,5.0,4.0,0.1,1.15,5.0,1.15,0.0,0.2307692307692307,0.2,0.3470488630865989,1,0,True,False,False,False,False,False,False,True,2023-06-01,False
ORD-10151,2024-06-24,2024-06-26,Standard Class,Customer_122,Home Office,West,Florida,Furniture,Chairs,143.85,8.0,0.2,41.78,143.85,41.78,0.2197228343217037,0.5384615384615384,0.4,0.5436139332365747,0,2,False,False,False,True,False,False,False,True,2024-06-01,False
ORD-10152,2023-02-05,2023-02-11,First Class,Customer_123,Consumer,South,New York,Office Supplies,Labels,84.16,9.0,0.4,13.89,84.16,13.89,0.1252665434995035,0.6153846153846154,0.8,0.4086840832123851,1,0,False,False,True,False,True,False,False,False,2023-02-01,False
ORD-10153,2024-06-08,2024-06-12,Standard Class,Customer_102,Consumer,South,New York,Furniture,Furnishings,47.03,1.0,0.1,11.35,47.03,11.35,0.0665102681061664,0.0,0.2,0.3963957426221576,0,0,False,False,True,False,False,False,False,True,2024-06-01,False
ORD-10154,2023-06-09,2023-06-15,Second Class,Customer_31,Corporate,West,Pennsylvania,Furniture,Furnishings,230.19,7.0,0.4,-30.3,230.19,-30.3,0.3563513508167408,0.4615384615384615,0.8,0.194895984518626,0,1,False,False,False,True,False,False,True,False,2023-06-01,False
ORD-10155,2024-11-29,2024-11-30,Standard Class,Customer_25,Corporate,West,Florida,Office Supplies,Labels,44.18,9.0,0.1,14.84,44.18,14.84,0.0620002927527861,0.6153846153846154,0.2,0.4132801161103048,1,1,False,False,False,True,False,False,False,True,2024-11-01,False
ORD-10156,2023-08-31,2023-09-01,Standard Class,Customer_245,Corporate,West,Texas,Office Supplies,Binders,119.72,12.0,0.1,33.28,119.72,33.28,0.1815383763297504,0.8461538461538461,0.2,0.5024915336236091,1,1,False,False,False,True,False,False,False,True,2023-08-01,False
ORD-10157,2023-03-27,2023-04-02,Same Day,Customer_146,Consumer,West,Illinois,Office Supplies,Labels,84.45,10.0,0.3,10.15,84.45,10.15,0.1257254532723036,0.6923076923076923,0.6,0.3905902273826802,1,0,False,False,False,True,False,True,False,False,2023-03-01,False
ORD-10158,2024-07-31,2024-08-03,First Class,Customer_299,Consumer,Central,Texas,Technology,Copiers,665.62,5.0,0.1,154.96,636.9324999999999,136.11499999999998,1.0,0.3076923076923077,0.2,1.0,2,0,True,False,False,False,True,False,False,False,2024-07-01,True
ORD-10159,2024-11-12,2024-11-17,First Class,Customer_10,Corporate,South,Florida,Office Supplies,Storage,8.83,12.0,0.1,1.67,8.83,1.67,0.0060607738959461,0.8461538461538461,0.2,0.3495645863570392,1,1,False,False,True,False,True,False,False,False,2024-11-01,False
ORD-10160,2024-07-10,2024-07-11,Standard Class,Customer_102,Home Office,West,Florida,Office Supplies,Storage,40.61,2.0,0.1,14.33,40.61,14.33,0.0563509552048676,0.0769230769230769,0.2,0.4108127721335268,1,2,False,False,False,True,False,False,False,True,2024-07-01,False
ORD-10161,2024-07-27,2024-08-01,Standard Class,Customer_33,Corporate,West,Illinois,Furniture,Chairs,404.35,10.0,0.3,42.69,404.35,42.69,0.6319504060955878,0.6923076923076923,0.6,0.5480164489598451,0,1,False,False,False,True,False,False,False,True,2024-07-01,False
ORD-10162,2024-10-07,2024-10-08,Second Class,Customer_62,Consumer,Central,Florida,Office Supplies,Paper,106.57,6.0,0.3,-3.78,106.57,-3.78,0.1607291918045044,0.3846153846153846,0.6,0.3231978713110788,1,0,True,False,False,False,False,False,True,False,2024-10-01,False
ORD-10163,2023-01-28,2023-01-30,First Class,Customer_112,Home Office,East,Ohio,Office Supplies,Storage,13.69,12.0,0.1,4.31,13.69,4.31,0.0137514687090788,0.8461538461538461,0.2,0.3623367198838897,1,2,False,True,False,False,True,False,False,False,2023-01-01,False
ORD-10164,2024-09-11,2024-09-15,Standard Class,Customer_174,Consumer,West,California,Technology,Accessories,288.89,12.0,0.0,112.35,288.89,112.35,0.4492410186214509,0.8461538461538461,0.0,0.8850266086115143,2,0,False,False,False,True,False,False,False,True,2024-09-01,False
ORD-10165,2024-07-09,2024-07-10,First Class,Customer_98,Corporate,Central,Georgia,Technology,Phones,1239.82,7.0,0.1,290.09,636.9324999999999,136.11499999999998,1.0,0.4615384615384615,0.2,1.0,2,1,True,False,False,False,True,False,False,False,2024-07-01,True
ORD-10166,2023-12-06,2023-12-11,Standard Class,Customer_72,Consumer,Central,Illinois,Office Supplies,Art,26.9,2.0,0.15,9.27,26.9,9.27,0.0346556000838697,0.0769230769230769,0.3,0.3863328495403967,1,0,True,False,False,False,False,False,False,True,2023-12-01,False
ORD-10167,2023-11-27,2023-11-29,Standard Class,Customer_147,Consumer,East,Florida,Furniture,Tables,446.89,2.0,0.0,134.31,446.89,134.31,0.6992677224228855,0.0769230769230769,0.0,0.9912675374939526,0,0,False,True,False,False,False,False,False,True,2023-11-01,False
ORD-10168,2024-10-01,2024-10-02,Standard Class,Customer_146,Corporate,South,New York,Technology,Phones,699.68,10.0,0.2,109.49,636.9324999999999,109.49,1.0,0.6923076923076923,0.4,0.8711901306240929,2,1,False,False,True,False,False,False,False,True,2024-10-01,True
ORD-10169,2024-05-20,2024-05-23,Standard Class,Customer_185,Corporate,South,New York,Technology,Accessories,578.63,14.0,0.1,186.03,578.63,136.11499999999998,0.9077393550735248,1.0,0.2,1.0,2,1,False,False,True,False,False,False,False,True,2024-05-01,True
ORD-10170,2023-12-14,2023-12-18,Standard Class,Customer_129,Consumer,South,California,Furniture,Bookcases,596.04,12.0,0.0,212.28,596.04,136.11499999999998,0.9352897659164549,0.8461538461538461,0.0,1.0,0,0,False,False,True,False,False,False,False,True,2023-12-01,True
ORD-10171,2024-04-17,2024-04-18,Standard Class,Customer_216,Consumer,West,New York,Office Supplies,Art,8.14,10.0,0.0,1.95,8.14,1.95,0.0049688851261804,0.6923076923076923,0.0,0.3509192065795839,1,0,False,False,False,True,False,False,False,True,2024-04-01,False
ORD-10172,2023-08-19,2023-08-21,Standard Class,Customer_77,Consumer,South,Georgia,Technology,Phones,592.7,1.0,0.0,216.16,592.7,136.11499999999998,0.9300043912917916,0.0,0.0,1.0,2,0,False,False,True,False,False,False,False,True,2023-08-01,True
ORD-10173,2023-07-09,2023-07-12,First Class,Customer_73,Corporate,West,Washington,Furniture,Chairs,250.65,4.0,0.4,-10.82,250.65,-10.82,0.3887282265115341,0.2307692307692307,0.8,0.2891388485728108,0,1,False,False,False,True,True,False,False,False,2023-07-01,False
ORD-10174,2023-08-13,2023-08-19,Standard Class,Customer_40,Consumer,West,Washington,Technology,Copiers,364.39,7.0,0.0,152.52,364.39,136.11499999999998,0.5687158042987187,0.4615384615384615,0.0,1.0,2,0,False,False,False,True,False,False,False,True,2023-08-01,True
ORD-10175,2024-01-20,2024-01-22,Standard Class,Customer_228,Consumer,Central,Washington,Office Supplies,Art,59.87,14.0,0.0,21.68,59.87,21.68,0.086828893908764,1.0,0.0,0.4463715529753265,1,0,True,False,False,False,False,False,False,True,2024-01-01,False
ORD-10176,2024-01-12,2024-01-14,Standard Class,Customer_139,Corporate,South,California,Furniture,Chairs,415.29,9.0,0.1,111.12,415.29,111.12,0.6492623816625986,0.6153846153846154,0.2,0.8790759554910498,0,1,False,False,True,False,False,False,False,True,2024-01-01,False
ORD-10177,2023-10-10,2023-10-13,Standard Class,Customer_72,Corporate,South,California,Technology,Accessories,318.65,3.0,0.0,84.8,318.65,84.8,0.4963346559956958,0.1538461538461538,0.0,0.7517416545718433,2,1,False,False,True,False,False,False,False,True,2023-10-01,False
ORD-10178,2024-09-24,2024-09-26,First Class,Customer_118,Corporate,South,Georgia,Office Supplies,Paper,50.19,7.0,0.0,16.64,50.19,16.64,0.0715108021821951,0.4615384615384615,0.0,0.421988388969521,1,1,False,False,True,False,True,False,False,False,2024-09-01,False
ORD-10179,2024-09-19,2024-09-22,Standard Class,Customer_58,Consumer,West,Illinois,Office Supplies,Art,9.42,11.0,0.0,4.03,9.42,4.03,0.0069944179164705,0.7692307692307693,0.0,0.3609820996613449,1,0,False,False,False,True,False,False,False,True,2024-09-01,False
ORD-10180,2023-09-16,2023-09-17,First Class,Customer_80,Home Office,West,Pennsylvania,Furniture,Tables,69.23,7.0,0.1,13.7,69.23,13.7,0.1016406024377603,0.4615384615384615,0.2,0.4077648766328011,0,2,False,False,False,True,True,False,False,False,2023-09-01,False
ORD-10181,2023-12-25,2023-12-28,Second Class,Customer_287,Home Office,South,Washington,Furniture,Chairs,96.76,7.0,0.15,114.8,96.76,114.8,0.1452053819039217,0.4615384615384615,0.3,0.8968795355587809,0,2,False,False,True,False,False,False,True,False,2023-12-01,False
ORD-10182,2024-12-10,2024-12-13,Standard Class,Customer_26,Corporate,West,New York,Office Supplies,Storage,110.37,7.0,0.1,20.43,110.37,20.43,0.1667424922756782,0.4615384615384615,0.2,0.4403241412675374,1,1,False,False,False,True,False,False,False,True,2024-12-01,False
ORD-10183,2024-03-31,2024-04-04,Standard Class,Customer_0,Corporate,West,Texas,Office Supplies,Storage,102.98,2.0,0.1,17.02,102.98,17.02,0.1550482053067376,0.0769230769230769,0.2,0.4238268021286889,1,1,False,False,False,True,False,False,False,True,2024-03-01,False
ORD-10184,2024-02-15,2024-02-18,Standard Class,Customer_105,Consumer,East,Pennsylvania,Office Supplies,Paper,58.11,6.0,0.4,-0.98,58.11,-0.98,0.0840437863221151,0.3846153846153846,0.8,0.3367440735365263,1,0,False,True,False,False,False,False,False,True,2024-02-01,False
ORD-10185,2024-10-10,2024-10-13,Standard Class,Customer_101,Home Office,East,Georgia,Technology,Copiers,1010.75,2.0,0.1,276.85,636.9324999999999,136.11499999999998,1.0,0.0769230769230769,0.2,1.0,2,2,False,True,False,False,False,False,False,True,2024-10-01,True
ORD-10186,2023-11-14,2023-11-20,Second Class,Customer_257,Consumer,South,Illinois,Office Supplies,Art,96.76,6.0,0.0,62.52,96.76,62.52,0.1452053819039217,0.3846153846153846,0.0,0.6439525882922109,1,0,False,False,True,False,False,False,True,False,2023-11-01,False
ORD-10187,2024-11-07,2024-11-08,Second Class,Customer_225,Consumer,South,New York,Furniture,Furnishings,632.79,13.0,0.0,198.42,632.79,136.11499999999998,0.9934447112626744,0.9230769230769232,0.0,1.0,0,0,False,False,True,False,False,False,True,False,2024-11-01,True
ORD-10188,2023-08-13,2023-08-17,Standard Class,Customer_276,Consumer,East,Florida,Office Supplies,Art,49.29,10.0,0.1,12.62,49.29,12.62,0.0700865994390223,0.6923076923076923,0.2,0.4025399129172714,1,0,False,True,False,False,False,False,False,True,2023-08-01,False
ORD-10189,2023-08-22,2023-08-28,Standard Class,Customer_178,Consumer,West,Illinois,Technology,Copiers,599.05,3.0,0.2,18.525,599.05,18.525,0.9400529328686212,0.1538461538461538,0.4,0.4311078858248669,2,0,False,False,False,True,False,False,False,True,2023-08-01,False
ORD-10190,2024-11-14,2024-11-19,Standard Class,Customer_273,Home Office,West,Washington,Office Supplies,Paper,50.23,14.0,0.0,20.04,50.23,20.04,0.0715741000818916,1.0,0.0,0.4384373488147073,1,2,False,False,False,True,False,False,False,True,2024-11-01,False
ORD-10191,2024-10-25,2024-10-26,Second Class,Customer_107,Corporate,Central,Washington,Office Supplies,Art,58.24,2.0,0.2,11.76,58.24,11.76,0.0842495044961289,0.0769230769230769,0.4,0.3983792936623125,1,1,True,False,False,False,False,False,True,False,2024-10-01,False
ORD-10192,2024-01-09,2024-01-10,Standard Class,Customer_104,Corporate,South,Florida,Office Supplies,Storage,79.76,12.0,0.0,37.41,79.76,37.41,0.1183037745328813,0.8461538461538461,0.0,0.5224721819061442,1,1,False,False,True,False,False,False,False,True,2024-01-01,False
ORD-10193,2024-11-02,2024-11-07,Standard Class,Customer_126,Corporate,South,Georgia,Office Supplies,Binders,141.74,14.0,0.1,49.46,141.74,49.46,0.2163838701127098,1.0,0.2,0.5807692307692307,1,1,False,False,True,False,False,False,False,True,2024-11-01,False
ORD-10194,2024-08-30,2024-09-02,Standard Class,Customer_191,Consumer,South,Michigan,Office Supplies,Storage,65.05,6.0,0.2,12.89,65.05,12.89,0.0950259719194692,0.3846153846153846,0.4,0.4038461538461538,1,0,False,False,True,False,False,False,False,True,2024-08-01,False
ORD-10195,2024-04-16,2024-04-22,Second Class,Customer_181,Consumer,Central,Illinois,Technology,Machines,107.3,2.0,0.0,33.52,107.3,33.52,0.1618843784739667,0.0769230769230769,0.0,0.5036526366715046,2,0,True,False,False,False,False,False,True,False,2024-04-01,False
ORD-10196,2023-08-21,2023-08-23,First Class,Customer_38,Corporate,Central,Florida,Office Supplies,Binders,196.25,5.0,0.15,45.41,196.25,45.41,0.3026430829242048,0.3076923076923077,0.3,0.5611756168359942,1,1,True,False,False,False,True,False,False,False,2023-08-01,False
ORD-10197,2024-11-22,2024-11-26,Standard Class,Customer_30,Corporate,West,Georgia,Technology,Machines,325.33,2.0,0.0,110.98,325.33,110.98,0.5069054052450223,0.0769230769230769,0.0,0.8783986453797775,2,1,False,False,False,True,False,False,False,True,2024-11-01,False
ORD-10198,2023-04-23,2023-04-25,Standard Class,Customer_125,Consumer,East,Georgia,Office Supplies,Paper,15.21,3.0,0.2,3.75,15.21,3.75,0.0161567888975484,0.1538461538461538,0.4,0.3596274794388002,1,0,False,True,False,False,False,False,False,True,2023-04-01,False
ORD-10199,2024-05-11,2024-05-16,Same Day,Customer_120,Corporate,East,California,Furniture,Chairs,350.15,3.0,0.0,145.69,350.15,136.11499999999998,0.5461817520067412,0.1538461538461538,0.0,1.0,0,1,False,True,False,False,False,True,False,False,2024-05-01,True
ORD-10200,2024-03-17,2024-03-18,Standard Class,Customer_39,Consumer,East,Illinois,Office Supplies,Storage,83.27,6.0,0.3,4.69,83.27,4.69,0.1238581652312549,0.3846153846153846,0.6,0.3641751330430575,1,0,False,True,False,False,False,False,False,True,2024-03-01,False
ORD-10201,2024-07-17,2024-07-18,Second Class,Customer_103,Consumer,West,New York,Furniture,Chairs,649.34,6.0,0.0,151.32,636.9324999999999,136.11499999999998,1.0,0.3846153846153846,0.0,1.0,0,0,False,False,False,True,False,False,True,False,2024-07-01,True
ORD-10202,2023-09-25,2023-09-29,Standard Class,Customer_37,Consumer,East,Michigan,Office Supplies,Storage,62.53,10.0,0.3,11.67,62.53,11.67,0.0910382042385856,0.6923076923076923,0.6,0.3979438800193517,1,0,False,True,False,False,False,False,False,True,2023-09-01,False
ORD-10203,2024-05-24,2024-05-25,Second Class,Customer_71,Consumer,Central,Ohio,Technology,Accessories,265.91,3.0,0.1,81.51,265.91,81.51,0.412876375245774,0.1538461538461538,0.2,0.7358248669569425,2,0,True,False,False,False,False,False,True,False,2024-05-01,False
ORD-10204,2024-01-21,2024-01-22,Standard Class,Customer_154,Home Office,Central,Texas,Office Supplies,Art,60.28,3.0,0.2,8.71,60.28,8.71,0.0874776973806538,0.1538461538461538,0.4,0.3836236090953072,1,2,True,False,False,False,False,False,False,True,2024-01-01,False
ORD-10205,2024-01-22,2024-01-26,Same Day,Customer_129,Home Office,South,Illinois,Office Supplies,Storage,58.44,13.0,0.0,22.99,58.44,22.99,0.0845659939946117,0.9230769230769232,0.0,0.4527092404450895,1,2,False,False,True,False,False,True,False,False,2024-01-01,False
ORD-10206,2023-04-23,2023-04-29,Second Class,Customer_1,Consumer,East,Pennsylvania,Furniture,Bookcases,492.34,12.0,0.3,42.34,492.34,42.34,0.7711899609531082,0.8461538461538461,0.6,0.5463231736816643,0,0,False,True,False,False,False,False,True,False,2023-04-01,False
ORD-10207,2024-09-04,2024-09-10,First Class,Customer_110,Corporate,Central,Georgia,Office Supplies,Art,51.63,13.0,0.0,23.52,51.63,23.52,0.0737895265712714,0.9230769230769232,0.0,0.455273343009192,1,1,True,False,False,False,True,False,False,False,2024-09-01,False
ORD-10208,2024-09-16,2024-09-20,Second Class,Customer_79,Corporate,South,California,Office Supplies,Labels,229.39,1.0,0.0,44.87,229.39,44.87,0.3550853928228094,0.0,0.0,0.5585631349782293,1,1,False,False,True,False,False,False,True,False,2024-09-01,False
ORD-10209,2023-03-22,2023-03-27,Second Class,Customer_177,Consumer,East,Florida,Furniture,Bookcases,660.43,7.0,0.1,150.73,636.9324999999999,136.11499999999998,1.0,0.4615384615384615,0.2,1.0,0,0,False,True,False,False,False,False,True,False,2023-03-01,True
ORD-10210,2024-11-29,2024-11-30,Standard Class,Customer_184,Consumer,East,Washington,Office Supplies,Binders,32.93,13.0,0.0,15.74,32.93,15.74,0.044197758463127,0.9230769230769232,0.0,0.4176342525399129,1,0,False,True,False,False,False,False,False,True,2024-11-01,False
ORD-10211,2023-04-23,2023-04-24,First Class,Customer_31,Home Office,Central,Florida,Office Supplies,Art,30.09,8.0,0.0,11.89,30.09,11.89,0.0397036075846708,0.5384615384615384,0.0,0.3990082244799225,1,2,True,False,False,False,True,False,False,False,2023-04-01,False
ORD-10212,2023-01-02,2023-01-07,Same Day,Customer_189,Corporate,South,Florida,Office Supplies,Labels,29.18,2.0,0.4,3.85,29.18,3.85,0.0382635803665739,0.0769230769230769,0.8,0.3601112723754233,1,1,False,False,True,False,False,True,False,False,2023-01-01,False
ORD-10213,2024-10-03,2024-10-09,Standard Class,Customer_191,Home Office,South,Michigan,Furniture,Chairs,443.95,4.0,0.5,-87.79,443.95,-70.585,0.6946153267951879,0.2307692307692307,1.0,0.0,0,2,False,False,True,False,False,False,False,True,2024-10-01,True
ORD-10214,2023-08-08,2023-08-11,Same Day,Customer_62,Consumer,Central,Illinois,Furniture,Chairs,328.63,10.0,0.1,113.63,328.63,113.63,0.5121274819699889,0.6923076923076923,0.2,0.8912191582002902,0,0,True,False,False,False,False,True,False,False,2023-08-01,False
ORD-10215,2024-07-19,2024-07-22,Second Class,Customer_269,Corporate,Central,Florida,Office Supplies,Binders,24.49,7.0,0.4,1.74,24.49,1.74,0.0308419016271516,0.4615384615384615,0.8,0.3499032414126753,1,1,True,False,False,False,False,False,True,False,2024-07-01,False
ORD-10216,2023-08-13,2023-08-16,Standard Class,Customer_292,Consumer,Central,Michigan,Office Supplies,Binders,6.26,8.0,0.1,0.79,6.26,0.79,0.0019938838404418,0.5384615384615384,0.2,0.3453072085147557,1,0,True,False,False,False,False,False,False,True,2023-08-01,False
ORD-10217,2024-01-20,2024-01-26,Standard Class,Customer_104,Consumer,East,Ohio,Office Supplies,Storage,38.44,1.0,0.0,12.55,38.44,12.55,0.0529170441463289,0.0,0.0,0.4022012578616352,1,0,False,True,False,False,False,False,False,True,2024-01-01,False
ORD-10218,2024-02-07,2024-02-13,Standard Class,Customer_190,Corporate,Central,New York,Office Supplies,Storage,79.97,4.0,0.1,12.91,79.97,12.91,0.1186360885062882,0.2307692307692307,0.2,0.4039429124334784,1,1,True,False,False,False,False,False,False,True,2024-02-01,False
ORD-10219,2024-09-29,2024-10-04,Standard Class,Customer_106,Consumer,Central,Ohio,Office Supplies,Storage,16.55,6.0,0.15,1.41,16.55,1.41,0.0182772685373833,0.3846153846153846,0.3,0.348306724721819,1,0,True,False,False,False,False,False,False,True,2024-09-01,False
ORD-10220,2023-05-10,2023-05-11,Standard Class,Customer_119,Consumer,West,Illinois,Office Supplies,Labels,39.21,3.0,0.5,-4.78,39.21,-4.78,0.0541355287154878,0.1538461538461538,1.0,0.3183599419448475,1,0,False,False,False,True,False,False,False,True,2023-05-01,False
ORD-10221,2023-02-22,2023-02-27,Standard Class,Customer_242,Consumer,Central,Washington,Furniture,Chairs,667.93,7.0,0.0,18.525,636.9324999999999,18.525,1.0,0.4615384615384615,0.0,0.4311078858248669,0,0,True,False,False,False,False,False,False,True,2023-02-01,True
ORD-10222,2024-11-14,2024-11-19,Standard Class,Customer_25,Consumer,Central,Ohio,Office Supplies,Labels,5.0,10.0,0.15,0.92,5.0,0.92,0.0,0.6923076923076923,0.3,0.3459361393323657,1,0,True,False,False,False,False,False,False,True,2024-11-01,False
ORD-10223,2024-12-30,2025-01-05,Standard Class,Customer_206,Corporate,East,Michigan,Technology,Machines,267.75,9.0,0.0,98.9,267.75,98.9,0.415788078631816,0.6153846153846154,0.0,0.819956458635704,2,1,False,True,False,False,False,False,False,True,2024-12-01,False
ORD-10224,2024-11-02,2024-11-05,Same Day,Customer_105,Consumer,South,Michigan,Office Supplies,Paper,33.5,11.0,0.0,12.39,33.5,12.39,0.045099753533803,0.7692307692307693,0.0,0.4014271891630382,1,0,False,False,True,False,False,True,False,False,2024-11-01,False
ORD-10225,2024-12-10,2024-12-12,Standard Class,Customer_63,Consumer,East,Texas,Office Supplies,Labels,12.78,13.0,0.0,4.46,12.78,4.46,0.012311441490982,0.9230769230769232,0.0,0.3630624092888243,1,0,False,True,False,False,False,False,False,True,2024-12-01,False
ORD-10226,2024-02-20,2024-02-21,Standard Class,Customer_196,Consumer,West,Georgia,Technology,Accessories,109.97,3.0,0.5,-17.2,109.97,-17.2,0.1661095132787125,0.1538461538461538,1.0,0.2582728592162554,2,0,False,False,False,True,False,False,False,True,2024-02-01,False
ORD-10227,2023-09-04,2023-09-10,Standard Class,Customer_96,Consumer,Central,Pennsylvania,Technology,Machines,680.52,5.0,0.2,151.55,636.9324999999999,136.11499999999998,1.0,0.3076923076923077,0.4,1.0,2,0,True,False,False,False,False,False,False,True,2023-09-01,True
ORD-10228,2024-03-14,2024-03-17,Standard Class,Customer_199,Corporate,Central,Pennsylvania,Office Supplies,Storage,133.54,8.0,0.2,5.75,133.54,5.75,0.2034078006749138,0.5384615384615384,0.4,0.3693033381712627,1,1,True,False,False,False,False,False,False,True,2024-03-01,False
ORD-10229,2023-07-22,2023-07-24,First Class,Customer_157,Consumer,Central,Illinois,Office Supplies,Paper,27.35,6.0,0.1,7.13,27.35,7.13,0.035367701455456,0.3846153846153846,0.2,0.3759796806966618,1,0,True,False,False,False,True,False,False,False,2023-07-01,False
ORD-10230,2023-07-03,2023-07-05,Second Class,Customer_146,Corporate,Central,Georgia,Office Supplies,Paper,100.08,4.0,0.0,46.12,100.08,46.12,0.1504591075787366,0.2307692307692307,0.0,0.5646105466860183,1,1,True,False,False,False,False,False,True,False,2023-07-01,False
ORD-10231,2023-05-03,2023-05-09,First Class,Customer_99,Consumer,Central,Texas,Office Supplies,Labels,54.65,8.0,0.0,17.17,54.65,17.17,0.0785685179983621,0.5384615384615384,0.0,0.4245524915336236,1,0,True,False,False,False,True,False,False,False,2023-05-01,False
ORD-10232,2024-02-05,2024-02-09,Standard Class,Customer_18,Consumer,Central,California,Office Supplies,Art,46.19,11.0,0.0,13.48,46.19,13.48,0.0651810122125385,0.7692307692307693,0.0,0.4067005321722303,1,0,True,False,False,False,False,False,False,True,2024-02-01,False
ORD-10233,2023-10-21,2023-10-22,Second Class,Customer_236,Home Office,West,Florida,Office Supplies,Paper,136.94,3.0,0.1,43.55,136.94,43.55,0.2087881221491219,0.1538461538461538,0.2,0.5521770682148041,1,2,False,False,False,True,False,False,True,False,2023-10-01,False
ORD-10234,2023-10-07,2023-10-09,Standard Class,Customer_294,Corporate,Central,Ohio,Office Supplies,Binders,26.24,3.0,0.2,4.8,26.24,4.8,0.0336111847388763,0.1538461538461538,0.4,0.364707305273343,1,1,True,False,False,False,False,False,False,True,2023-10-01,False
ORD-10235,2024-09-01,2024-09-07,Standard Class,Customer_138,Consumer,Central,Georgia,Office Supplies,Storage,31.87,4.0,0.1,10.19,31.87,10.19,0.042520364121168,0.2307692307692307,0.2,0.3907837445573294,1,0,True,False,False,False,False,False,False,True,2024-09-01,False
ORD-10236,2023-07-17,2023-07-23,Standard Class,Customer_30,Home Office,Central,Florida,Technology,Copiers,140.78,9.0,0.0,-401.19,140.78,-70.585,0.2148647205199922,0.6153846153846154,0.0,0.0,2,2,True,False,False,False,False,False,False,True,2023-07-01,True
ORD-10237,2024-05-25,2024-05-28,Standard Class,Customer_99,Consumer,West,California,Office Supplies,Binders,76.46,5.0,0.0,12.15,76.46,12.15,0.1130816978079146,0.3076923076923077,0.0,0.4002660861151427,1,0,False,False,False,True,False,False,False,True,2024-05-01,False
ORD-10238,2023-05-24,2023-05-28,Standard Class,Customer_288,Home Office,Central,Washington,Furniture,Tables,786.08,8.0,0.0,349.33,636.9324999999999,136.11499999999998,1.0,0.5384615384615384,0.0,1.0,0,2,True,False,False,False,False,False,False,True,2023-05-01,True
ORD-10239,2024-08-31,2024-09-01,Standard Class,Customer_33,Corporate,West,Texas,Office Supplies,Storage,65.18,6.0,0.1,27.74,65.18,27.74,0.0952316900934831,0.3846153846153846,0.2,0.4756894049346879,1,1,False,False,False,True,False,False,False,True,2024-08-01,False
ORD-10240,2023-07-20,2023-07-25,Same Day,Customer_265,Corporate,East,Florida,Office Supplies,Storage,173.2,3.0,0.4,16.06,173.2,16.06,0.2661676682240588,0.1538461538461538,0.8,0.4191823899371069,1,1,False,True,False,False,False,True,False,False,2023-07-01,False
ORD-10241,2023-05-04,2023-05-07,Standard Class,Customer_114,Home Office,Central,Texas,Office Supplies,Paper,105.26,8.0,0.15,-7.17,105.26,-7.17,0.1586561855894419,0.5384615384615384,0.3,0.3067972907595548,1,2,True,False,False,False,False,False,False,True,2023-05-01,False
ORD-10242,2023-07-06,2023-07-08,Standard Class,Customer_187,Consumer,South,Texas,Office Supplies,Paper,118.49,12.0,0.2,24.42,118.49,24.42,0.179591965914081,0.8461538461538461,0.4,0.4596274794388002,1,0,False,False,True,False,False,False,False,True,2023-07-01,False
ORD-10243,2023-11-22,2023-11-24,Standard Class,Customer_263,Corporate,West,Georgia,Office Supplies,Binders,65.9,9.0,0.1,18.525,65.9,18.525,0.0963710522880213,0.6153846153846154,0.2,0.4311078858248669,1,1,False,False,False,True,False,False,False,True,2023-11-01,False
ORD-10244,2024-04-08,2024-04-11,Second Class,Customer_65,Consumer,East,Michigan,Office Supplies,Storage,27.27,7.0,0.1,4.72,27.27,4.72,0.0352411056560629,0.4615384615384615,0.2,0.3643202709240445,1,0,False,True,False,False,False,False,True,False,2024-04-01,False
ORD-10245,2023-12-15,2023-12-21,Standard Class,Customer_97,Consumer,West,New York,Furniture,Chairs,301.47,13.0,0.0,108.48,301.47,108.48,0.4691482080760209,0.9230769230769232,0.0,0.8663038219641993,0,0,False,False,False,True,False,False,False,True,2023-12-01,False
ORD-10246,2024-10-21,2024-10-23,First Class,Customer_214,Consumer,West,Illinois,Furniture,Furnishings,713.14,4.0,0.3,48.55,636.9324999999999,48.55,1.0,0.2307692307692307,0.6,0.5763667150459603,0,0,False,False,False,True,True,False,False,False,2024-10-01,True
ORD-10247,2024-02-07,2024-02-11,Same Day,Customer_172,Consumer,East,Pennsylvania,Office Supplies,Binders,40.47,14.0,0.2,8.53,40.47,8.53,0.0561294125559296,1.0,0.4,0.3827527818093856,1,0,False,True,False,False,False,True,False,False,2024-02-01,False
ORD-10248,2023-12-12,2023-12-13,Standard Class,Customer_257,Corporate,Central,Texas,Office Supplies,Labels,99.75,14.0,0.0,35.37,99.75,35.37,0.14993689990624,1.0,0.0,0.5126028059990324,1,1,True,False,False,False,False,False,False,True,2023-12-01,False
ORD-10249,2024-05-25,2024-05-29,Standard Class,Customer_28,Corporate,Central,Georgia,Technology,Phones,173.36,13.0,0.1,29.53,173.36,29.53,0.2664208598228451,0.9230769230769232,0.2,0.4843492985002419,2,1,True,False,False,False,False,False,False,True,2024-05-01,False
ORD-10250,2023-05-27,2023-05-29,Standard Class,Customer_144,Corporate,West,Georgia,Office Supplies,Labels,97.28,11.0,0.1,20.8,97.28,20.8,0.1460282545999771,0.7692307692307693,0.2,0.442114175133043,1,1,False,False,False,True,False,False,False,True,2023-05-01,False
ORD-10251,2023-05-28,2023-06-02,Second Class,Customer_131,Consumer,East,Florida,Office Supplies,Labels,59.56,6.0,0.15,9.29,59.56,9.29,0.0863383351861156,0.3846153846153846,0.3,0.3864296081277213,1,0,False,True,False,False,False,False,True,False,2023-05-01,False
ORD-10252,2024-12-11,2024-12-12,Standard Class,Customer_260,Consumer,Central,Florida,Office Supplies,Labels,41.96,1.0,0.4,-6.18,41.96,-6.18,0.0584872593196267,0.0,0.8,0.3115868408321239,1,0,True,False,False,False,False,False,False,True,2024-12-01,False
ORD-10253,2024-05-03,2024-05-04,Standard Class,Customer_295,Home Office,West,Ohio,Furniture,Furnishings,342.6,4.0,0.15,36.06,342.6,36.06,0.5342342734390145,0.2307692307692307,0.3,0.5159409772617319,0,2,False,False,False,True,False,False,False,True,2024-05-01,False
ORD-10254,2024-10-01,2024-10-04,Standard Class,Customer_181,Consumer,South,Texas,Technology,Copiers,670.9,8.0,0.1,163.11,636.9324999999999,136.11499999999998,1.0,0.5384615384615384,0.2,1.0,2,0,False,False,True,False,False,False,False,True,2024-10-01,True
ORD-10255,2024-07-04,2024-07-07,Second Class,Customer_12,Corporate,East,New York,Office Supplies,Binders,115.47,1.0,0.0,53.56,115.47,53.56,0.1748129744869903,0.0,0.0,0.6006047411707789,1,1,False,True,False,False,False,False,True,False,2024-07-01,False
ORD-10256,2023-12-04,2023-12-09,Standard Class,Customer_253,Corporate,South,Illinois,Office Supplies,Binders,31.24,3.0,0.0,9.59,31.24,9.59,0.0415234222009471,0.1538461538461538,0.0,0.3878809869375907,1,1,False,False,True,False,False,False,False,True,2023-12-01,False
ORD-10257,2024-10-02,2024-10-08,Standard Class,Customer_289,Corporate,South,Illinois,Furniture,Furnishings,228.08,1.0,0.0,66.01,228.08,66.01,0.353012386607747,0.0,0.0,0.660836961780358,0,1,False,False,True,False,False,False,False,True,2024-10-01,False
ORD-10258,2024-04-17,2024-04-18,Second Class,Customer_237,Corporate,West,Washington,Office Supplies,Storage,84.43,9.0,0.0,21.57,84.43,21.57,0.1256938043224553,0.6153846153846154,0.0,0.4458393807450411,1,1,False,False,False,True,False,False,True,False,2024-04-01,False
ORD-10259,2023-05-31,2023-06-05,Standard Class,Customer_45,Home Office,East,Washington,Office Supplies,Paper,220.62,2.0,0.2,38.04,220.62,38.04,0.3412073283143374,0.0769230769230769,0.4,0.5255200774068699,1,2,False,True,False,False,False,False,False,True,2023-05-01,False
ORD-10260,2024-02-19,2024-02-22,First Class,Customer_204,Consumer,Central,Ohio,Technology,Machines,1494.29,9.0,0.2,395.0,636.9324999999999,136.11499999999998,1.0,0.6153846153846154,0.4,1.0,2,0,True,False,False,False,True,False,False,False,2024-02-01,True
ORD-10261,2023-10-25,2023-10-28,Standard Class,Customer_141,Home Office,Central,Pennsylvania,Furniture,Furnishings,715.05,13.0,0.0,364.83,636.9324999999999,136.11499999999998,1.0,0.9230769230769232,0.0,1.0,0,2,True,False,False,False,False,False,False,True,2023-10-01,True
ORD-10262,2024-09-02,2024-09-03,First Class,Customer_194,Consumer,West,Washington,Office Supplies,Binders,1484.67,4.0,0.3,76.68,636.9324999999999,76.68,1.0,0.2307692307692307,0.6,0.7124576681180455,1,0,False,False,False,True,True,False,False,False,2024-09-01,True
ORD-10263,2023-09-20,2023-09-24,Second Class,Customer_115,Consumer,Central,California,Technology,Accessories,193.34,2.0,0.0,69.83,193.34,69.83,0.2980381607212796,0.0769230769230769,0.0,0.6793178519593613,2,0,True,False,False,False,False,False,True,False,2023-09-01,False
ORD-10264,2023-05-24,2023-05-26,Standard Class,Customer_112,Consumer,Central,Ohio,Office Supplies,Art,23.16,4.0,0.0,7.1,23.16,7.1,0.0287372464622408,0.2307692307692307,0.0,0.3758345428156748,1,0,True,False,False,False,False,False,False,True,2023-05-01,False
ORD-10265,2023-12-12,2023-12-15,Second Class,Customer_92,Corporate,South,Illinois,Office Supplies,Storage,20.41,12.0,0.0,6.53,20.41,6.53,0.0243855158581019,0.8461538461538461,0.0,0.3730769230769231,1,1,False,False,True,False,False,False,True,False,2023-12-01,False
ORD-10266,2024-09-15,2024-09-21,Standard Class,Customer_199,Consumer,South,Illinois,Furniture,Bookcases,148.05,11.0,0.1,45.94,148.05,45.94,0.2263691137898431,0.7692307692307693,0.2,0.5637397194000967,0,0,False,False,True,False,False,False,False,True,2024-09-01,False
ORD-10267,2024-07-25,2024-07-31,Same Day,Customer_101,Consumer,East,New York,Technology,Copiers,617.8,11.0,0.0,200.67,617.8,136.11499999999998,0.9697238233513864,0.7692307692307693,0.0,1.0,2,0,False,True,False,False,False,True,False,False,2024-07-01,True
ORD-10268,2023-01-02,2023-01-05,Standard Class,Customer_178,Consumer,South,Georgia,Furniture,Bookcases,334.65,10.0,0.1,82.66,334.65,82.66,0.521653815874322,0.6923076923076923,0.2,0.7413884857281084,0,0,False,False,True,False,False,False,False,True,2023-01-01,False
ORD-10269,2023-10-31,2023-11-04,Second Class,Customer_286,Home Office,Central,California,Office Supplies,Art,1045.04,6.0,0.1,69.01,636.9324999999999,69.01,1.0,0.3846153846153846,0.2,0.6753507498790517,1,2,True,False,False,False,False,False,True,False,2023-10-01,True
ORD-10270,2023-09-11,2023-09-15,Standard Class,Customer_147,Home Office,East,Pennsylvania,Office Supplies,Labels,134.91,11.0,0.5,-19.87,134.91,-19.87,0.2055757537395212,0.7692307692307693,1.0,0.2453555878084179,1,2,False,True,False,False,False,False,False,True,2023-09-01,False
ORD-10271,2024-10-13,2024-10-18,Same Day,Customer_194,Corporate,East,Florida,Office Supplies,Labels,65.27,7.0,0.0,22.45,65.27,22.45,0.0953741103678003,0.4615384615384615,0.0,0.4500967585873246,1,1,False,True,False,False,False,True,False,False,2024-10-01,False
ORD-10272,2024-03-28,2024-04-03,Standard Class,Customer_13,Corporate,West,Ohio,Office Supplies,Paper,56.82,3.0,0.0,10.71,56.82,10.71,0.0820024290569008,0.1538461538461538,0.0,0.3932994678277697,1,1,False,False,False,True,False,False,False,True,2024-03-01,False
ORD-10273,2023-02-06,2023-02-11,Same Day,Customer_251,Consumer,South,Washington,Furniture,Chairs,1029.32,3.0,0.0,405.46,636.9324999999999,136.11499999999998,1.0,0.1538461538461538,0.0,1.0,0,0,False,False,True,False,False,True,False,False,2023-02-01,True
ORD-10274,2023-06-09,2023-06-15,First Class,Customer_240,Consumer,East,Michigan,Office Supplies,Labels,39.85,12.0,0.15,16.07,39.85,16.07,0.0551482951106328,0.8461538461538461,0.3,0.4192307692307692,1,0,False,True,False,False,True,False,False,False,2023-06-01,False
ORD-10275,2023-01-09,2023-01-11,Standard Class,Customer_273,Home Office,Central,New York,Technology,Machines,120.79,10.0,0.0,36.94,120.79,36.94,0.1832315951466336,0.6923076923076923,0.0,0.5201983551040155,2,2,True,False,False,False,False,False,False,True,2023-01-01,False
ORD-10276,2023-08-21,2023-08-23,First Class,Customer_242,Consumer,East,Illinois,Technology,Machines,598.66,12.0,0.3,65.8,598.66,65.8,0.93943577834658,0.8461538461538461,0.6,0.6598209966134494,2,0,False,True,False,False,True,False,False,False,2023-08-01,False
ORD-10277,2023-04-09,2023-04-10,Same Day,Customer_223,Consumer,East,Michigan,Office Supplies,Paper,35.04,8.0,0.1,11.5,35.04,11.5,0.0475367226721208,0.5384615384615384,0.2,0.3971214320270924,1,0,False,True,False,False,False,True,False,False,2023-04-01,False
ORD-10278,2024-10-20,2024-10-25,Standard Class,Customer_41,Consumer,West,Ohio,Office Supplies,Binders,63.19,5.0,0.1,22.9,63.19,22.9,0.0920826195835789,0.3076923076923077,0.2,0.4522738268021286,1,0,False,False,False,True,False,False,False,True,2024-10-01,False
ORD-10279,2023-07-27,2023-07-30,Standard Class,Customer_284,Consumer,Central,Texas,Furniture,Bookcases,148.93,4.0,0.15,28.87,148.93,28.87,0.2277616675831675,0.2307692307692307,0.3,0.4811562651185292,0,0,True,False,False,False,False,False,False,True,2023-07-01,False
ORD-10280,2023-05-11,2023-05-16,Standard Class,Customer_27,Consumer,Central,Pennsylvania,Furniture,Tables,478.02,7.0,0.0,98.35,478.02,98.35,0.7485293128617377,0.4615384615384615,0.0,0.8172955974842768,0,0,True,False,False,False,False,False,False,True,2023-05-01,False
ORD-10281,2024-02-08,2024-02-11,Standard Class,Customer_193,Corporate,South,Texas,Furniture,Tables,322.32,7.0,0.0,119.7,322.32,119.7,0.5021422382928558,0.4615384615384615,0.0,0.920585389453314,0,1,False,False,True,False,False,False,False,True,2024-02-01,False
ORD-10282,2023-06-01,2023-06-05,Standard Class,Customer_14,Consumer,Central,Ohio,Office Supplies,Art,53.42,13.0,0.0,19.25,53.42,19.25,0.0766221075826927,0.9230769230769232,0.0,0.4346153846153846,1,0,True,False,False,False,False,False,False,True,2023-06-01,False
ORD-10283,2023-02-23,2023-02-28,Standard Class,Customer_94,Corporate,East,Texas,Office Supplies,Art,92.48,9.0,0.15,17.32,92.48,17.32,0.1384325066363892,0.6153846153846154,0.3,0.4252781809385583,1,1,False,True,False,False,False,False,False,True,2023-02-01,False
ORD-10284,2023-04-30,2023-05-04,Standard Class,Customer_248,Consumer,Central,Pennsylvania,Office Supplies,Paper,137.72,9.0,0.1,46.73,137.72,46.73,0.210022431193205,0.6153846153846154,0.2,0.5675616835994195,1,0,True,False,False,False,False,False,False,True,2023-04-01,False
ORD-10285,2024-11-03,2024-11-05,Standard Class,Customer_79,Consumer,Central,Georgia,Office Supplies,Paper,166.66,7.0,0.0,60.25,166.66,60.25,0.2558184616236703,0.4615384615384615,0.0,0.6329704886308659,1,0,True,False,False,False,False,False,False,True,2024-11-01,False
ORD-10286,2024-09-19,2024-09-21,Standard Class,Customer_282,Consumer,Central,Ohio,Office Supplies,Paper,91.49,13.0,0.5,-6.5,91.49,-6.5,0.1368658836188991,0.9230769230769232,1.0,0.3100387034349298,1,0,True,False,False,False,False,False,False,True,2024-09-01,False
ORD-10287,2024-08-09,2024-08-10,First Class,Customer_107,Corporate,West,Michigan,Office Supplies,Labels,58.24,12.0,0.0,21.87,58.24,21.87,0.0842495044961289,0.8461538461538461,0.0,0.4472907595549105,1,1,False,False,False,True,True,False,False,False,2024-08-01,False
ORD-10288,2024-09-16,2024-09-21,Second Class,Customer_7,Consumer,Central,Texas,Technology,Copiers,440.96,13.0,0.2,67.28,440.96,67.28,0.6898838087928696,0.9230769230769232,0.4,0.6669811320754718,2,0,True,False,False,False,False,False,True,False,2024-09-01,False
ORD-10289,2024-02-24,2024-02-28,Standard Class,Customer_129,Corporate,South,Pennsylvania,Office Supplies,Art,107.25,8.0,0.2,21.53,107.25,21.53,0.1618052560993461,0.5384615384615384,0.4,0.4456458635703919,1,1,False,False,True,False,False,False,False,True,2024-02-01,False
ORD-10290,2024-02-26,2024-02-29,Second Class,Customer_227,Corporate,West,Washington,Technology,Accessories,183.97,10.0,0.0,60.19,183.97,60.19,0.2832106277173591,0.6923076923076923,0.0,0.6326802128688921,2,1,False,False,False,True,False,False,True,False,2024-02-01,False
ORD-10291,2023-04-14,2023-04-16,Second Class,Customer_71,Corporate,East,Florida,Technology,Machines,223.18,1.0,0.0,89.57,223.18,89.57,0.3452583938949176,0.0,0.0,0.7748185776487663,2,1,False,True,False,False,False,False,True,False,2023-04-01,False
ORD-10292,2023-09-11,2023-09-13,Same Day,Customer_136,Consumer,South,Pennsylvania,Furniture,Bookcases,55.81,9.0,0.0,16.73,55.81,16.73,0.0804041570895625,0.6153846153846154,0.0,0.4224238026124818,0,0,False,False,True,False,False,True,False,False,2023-09-01,False
ORD-10293,2023-08-15,2023-08-18,Standard Class,Customer_82,Consumer,West,New York,Technology,Copiers,846.94,8.0,0.15,187.04,636.9324999999999,136.11499999999998,1.0,0.5384615384615384,0.3,1.0,2,0,False,False,False,True,False,False,False,True,2023-08-01,True
ORD-10294,2023-04-22,2023-04-26,Standard Class,Customer_156,Consumer,West,Florida,Office Supplies,Storage,149.2,6.0,0.15,12.7,149.2,12.7,0.2281889284061193,0.3846153846153846,0.3,0.4029269472665699,1,0,False,False,False,True,False,False,False,True,2023-04-01,False
ORD-10295,2024-05-24,2024-05-28,First Class,Customer_206,Corporate,West,Washington,Office Supplies,Labels,809.73,13.0,0.2,100.46,636.9324999999999,100.46,1.0,0.9230769230769232,0.4,0.8275036284470246,1,1,False,False,False,True,True,False,False,False,2024-05-01,True
ORD-10296,2024-04-17,2024-04-22,Same Day,Customer_94,Consumer,South,California,Office Supplies,Labels,11.61,3.0,0.4,0.41,11.61,0.41,0.0104599779248574,0.1538461538461538,0.8,0.3434687953555878,1,0,False,False,True,False,False,True,False,False,2024-04-01,False
ORD-10297,2023-04-09,2023-04-14,Second Class,Customer_205,Home Office,South,Michigan,Office Supplies,Binders,81.08,3.0,0.15,10.73,81.08,10.73,0.1203926052228679,0.1538461538461538,0.3,0.3933962264150943,1,2,False,False,True,False,False,False,True,False,2023-04-01,False
ORD-10298,2023-06-02,2023-06-08,Standard Class,Customer_215,Home Office,South,Illinois,Office Supplies,Binders,41.09,8.0,0.0,13.33,41.09,13.33,0.0571105300012264,0.5384615384615384,0.0,0.4059748427672955,1,2,False,False,True,False,False,False,False,True,2023-06-01,False
ORD-10299,2023-12-04,2023-12-10,Standard Class,Customer_225,Consumer,South,Washington,Office Supplies,Binders,70.52,5.0,0.0,11.11,70.52,11.11,0.1036819597029746,0.3076923076923077,0.0,0.3952346395742622,1,0,False,False,True,False,False,False,False,True,2023-12-01,False
ORD-10300,2024-12-06,2024-12-07,Standard Class,Customer_224,Consumer,Central,Georgia,Office Supplies,Labels,169.74,10.0,0.3,-5.0,169.74,-5.0,0.2606923999003058,0.6923076923076923,0.6,0.3172955974842767,1,0,True,False,False,False,False,False,False,True,2024-12-01,False
ORD-10301,2023-06-12,2023-06-14,Standard Class,Customer_72,Corporate,West,Florida,Office Supplies,Labels,28.43,11.0,0.0,7.44,28.43,7.44,0.0370767447472633,0.7692307692307693,0.0,0.3774794388001935,1,1,False,False,False,True,False,False,False,True,2023-06-01,False
ORD-10302,2024-12-20,2024-12-25,Standard Class,Customer_162,Consumer,Central,Georgia,Office Supplies,Labels,92.51,14.0,0.0,33.13,92.51,33.13,0.1384799800611616,1.0,0.0,0.5017658442186744,1,0,True,False,False,False,False,False,False,True,2024-12-01,False
ORD-10303,2024-11-11,2024-11-15,First Class,Customer_34,Consumer,West,Florida,Office Supplies,Storage,50.75,7.0,0.2,9.98,50.75,9.98,0.072396972777947,0.4615384615384615,0.4,0.3897677793904209,1,0,False,False,False,True,True,False,False,False,2024-11-01,False
ORD-10304,2023-06-10,2023-06-13,Standard Class,Customer_78,Home Office,South,New York,Furniture,Chairs,346.7,5.0,0.1,88.59,346.7,88.59,0.5407223081579126,0.3076923076923077,0.2,0.7700774068698598,0,2,False,False,True,False,False,False,False,True,2023-06-01,False
ORD-10305,2024-08-02,2024-08-06,Standard Class,Customer_251,Consumer,South,California,Furniture,Bookcases,77.0,8.0,0.4,-3.13,77.0,-3.13,0.1139362194538182,0.5384615384615384,0.8,0.3263425253991291,0,0,False,False,True,False,False,False,False,True,2024-08-01,False
ORD-10306,2024-02-02,2024-02-04,Same Day,Customer_233,Home Office,Central,Illinois,Technology,Phones,315.36,10.0,0.15,58.24,315.36,58.24,0.4911284037456533,0.6923076923076923,0.3,0.6232462506047411,2,2,True,False,False,False,False,True,False,False,2024-02-01,False
ORD-10307,2023-10-04,2023-10-10,Standard Class,Customer_46,Corporate,East,New York,Office Supplies,Binders,20.05,10.0,0.0,8.17,20.05,8.17,0.0238158347608328,0.6923076923076923,0.0,0.3810111272375423,1,1,False,True,False,False,False,False,False,True,2023-10-01,False
ORD-10308,2024-05-18,2024-05-22,Same Day,Customer_115,Corporate,South,Washington,Furniture,Tables,560.19,4.0,0.4,3.94,560.19,3.94,0.878559023313408,0.2307692307692307,0.8,0.3605466860183841,0,1,False,False,True,False,False,True,False,False,2024-05-01,False
ORD-10309,2024-01-27,2024-01-28,Same Day,Customer_27,Consumer,East,Georgia,Furniture,Bookcases,355.55,2.0,0.0,114.94,355.55,114.94,0.5547269684657777,0.0769230769230769,0.0,0.8975568456700531,0,0,False,True,False,False,False,True,False,False,2024-01-01,False
ORD-10310,2023-05-15,2023-05-17,Second Class,Customer_283,Consumer,West,Florida,Office Supplies,Binders,83.67,3.0,0.0,37.94,83.67,37.94,0.1244911442282206,0.1538461538461538,0.0,0.5250362844702468,1,0,False,False,False,True,False,False,True,False,2023-05-01,False
ORD-10311,2023-07-14,2023-07-20,Standard Class,Customer_118,Corporate,Central,Washington,Technology,Machines,216.3,8.0,0.1,89.98,216.3,89.98,0.3343711551471083,0.5384615384615384,0.2,0.7768021286889212,2,1,True,False,False,False,False,False,False,True,2023-07-01,False
ORD-10312,2024-02-05,2024-02-08,Standard Class,Customer_89,Consumer,East,Pennsylvania,Office Supplies,Paper,37.74,11.0,0.0,9.45,37.74,9.45,0.051809330901639,0.7692307692307693,0.0,0.3872036768263183,1,0,False,True,False,False,False,False,False,True,2024-02-01,False
ORD-10313,2024-10-01,2024-10-07,Standard Class,Customer_50,Consumer,East,California,Technology,Accessories,797.15,13.0,0.1,240.58,636.9324999999999,136.11499999999998,1.0,0.9230769230769232,0.2,1.0,2,0,False,True,False,False,False,False,False,True,2024-10-01,True
ORD-10314,2023-02-02,2023-02-03,Standard Class,Customer_114,Consumer,South,Michigan,Office Supplies,Art,45.71,7.0,0.0,27.3,45.71,27.3,0.0644214374161797,0.4615384615384615,0.0,0.4735607160135461,1,0,False,False,True,False,False,False,False,True,2023-02-01,False
ORD-10315,2024-11-18,2024-11-20,Standard Class,Customer_213,Consumer,East,Pennsylvania,Office Supplies,Art,36.56,13.0,0.1,10.33,36.56,10.33,0.0499420428605903,0.9230769230769232,0.2,0.3914610546686018,1,0,False,True,False,False,False,False,False,True,2024-11-01,False
ORD-10316,2024-04-04,2024-04-07,Same Day,Customer_266,Consumer,East,Georgia,Office Supplies,Art,96.8,2.0,0.1,26.06,96.8,26.06,0.1452686798036183,0.0769230769230769,0.2,0.4675616835994194,1,0,False,True,False,False,False,True,False,False,2024-04-01,False
ORD-10317,2024-04-14,2024-04-15,Standard Class,Customer_134,Corporate,West,California,Office Supplies,Paper,29.4,6.0,0.2,4.87,29.4,4.87,0.038611718814905,0.3846153846153846,0.4,0.3650459603289792,1,1,False,False,False,True,False,False,False,True,2024-04-01,False
ORD-10318,2024-01-10,2024-01-16,Second Class,Customer_255,Consumer,Central,California,Furniture,Tables,96.76,9.0,0.2,47.04,96.76,47.04,0.1452053819039217,0.6153846153846154,0.4,0.5690614417029511,0,0,True,False,False,False,False,False,True,False,2024-01-01,False
ORD-10319,2023-01-22,2023-01-23,Standard Class,Customer_198,Consumer,South,Washington,Technology,Accessories,418.82,4.0,0.0,171.88,418.82,136.11499999999998,0.6548484213108204,0.2307692307692307,0.0,1.0,2,0,False,False,True,False,False,False,False,True,2023-01-01,True
ORD-10320,2024-10-31,2024-11-02,Standard Class,Customer_86,Corporate,South,Pennsylvania,Technology,Copiers,584.07,9.0,0.1,93.7,584.07,93.7,0.9163478694322575,0.6153846153846154,0.2,0.7947992259313015,2,1,False,False,True,False,False,False,False,True,2024-10-01,False
ORD-10321,2023-02-07,2023-02-12,First Class,Customer_193,Home Office,East,Washington,Office Supplies,Art,47.84,2.0,0.1,12.34,47.84,12.34,0.0677920505750218,0.0769230769230769,0.2,0.4011852926947267,1,2,False,True,False,False,True,False,False,False,2023-02-01,False
ORD-10322,2023-08-18,2023-08-19,Standard Class,Customer_213,Consumer,West,Washington,Technology,Phones,109.67,2.0,0.0,18.47,109.67,18.47,0.1656347790309883,0.0769230769230769,0.0,0.4308417997097242,2,0,False,False,False,True,False,False,False,True,2023-08-01,False
ORD-10323,2023-12-31,2024-01-01,Standard Class,Customer_277,Consumer,East,Washington,Technology,Copiers,648.49,9.0,0.2,99.38,636.9324999999999,99.38,1.0,0.6153846153846154,0.4,0.8222786647314948,2,0,False,True,False,False,False,False,False,True,2023-12-01,True
ORD-10324,2024-07-16,2024-07-22,Second Class,Customer_201,Corporate,East,Georgia,Office Supplies,Art,124.19,12.0,0.2,12.14,124.19,12.14,0.1886119166208416,0.8461538461538461,0.4,0.4002177068214804,1,1,False,True,False,False,False,False,True,False,2024-07-01,False
ORD-10325,2024-03-13,2024-03-19,Second Class,Customer_167,Home Office,South,Florida,Furniture,Chairs,208.31,7.0,0.1,78.56,208.31,78.56,0.3217273996827193,0.4615384615384615,0.2,0.7215529753265602,0,2,False,False,True,False,False,False,True,False,2024-03-01,False
ORD-10326,2023-10-10,2023-10-13,Second Class,Customer_16,Corporate,East,Florida,Office Supplies,Storage,45.1,7.0,0.1,5.75,45.1,5.75,0.0634561444458071,0.4615384615384615,0.2,0.3693033381712627,1,1,False,True,False,False,False,False,True,False,2023-10-01,False
ORD-10327,2023-01-27,2023-02-02,Standard Class,Customer_53,Corporate,East,Georgia,Office Supplies,Paper,22.33,1.0,0.0,6.9,22.33,6.9,0.027423815043537,0.0,0.0,0.3748669569424286,1,1,False,True,False,False,False,False,False,True,2023-01-01,False
ORD-10328,2023-08-14,2023-08-18,Standard Class,Customer_177,Consumer,West,Illinois,Office Supplies,Art,57.66,13.0,0.15,16.86,57.66,16.86,0.0833316849505287,0.9230769230769232,0.3,0.4230527334300919,1,0,False,False,False,True,False,False,False,True,2023-08-01,False
ORD-10329,2023-10-04,2023-10-06,Same Day,Customer_204,Corporate,South,Michigan,Furniture,Bookcases,154.19,11.0,0.0,45.62,154.19,45.62,0.2360853413932659,0.7692307692307693,0.0,0.5621915820029028,0,1,False,False,True,False,False,True,False,False,2023-10-01,False
ORD-10330,2024-08-31,2024-09-02,First Class,Customer_261,Consumer,Central,New York,Technology,Machines,1093.86,6.0,0.5,-276.08,636.9324999999999,-70.585,1.0,0.3846153846153846,1.0,0.0,2,0,True,False,False,False,True,False,False,False,2024-08-01,True
ORD-10331,2023-10-11,2023-10-16,Standard Class,Customer_53,Corporate,West,Michigan,Furniture,Tables,252.7,13.0,0.2,48.17,252.7,48.17,0.3919722438709831,0.9230769230769232,0.4,0.5745283018867925,0,1,False,False,False,True,False,False,False,True,2023-10-01,False
ORD-10332,2024-04-25,2024-04-30,First Class,Customer_86,Corporate,West,Georgia,Office Supplies,Paper,96.76,7.0,0.1,8.32,96.76,8.32,0.1452053819039217,0.4615384615384615,0.2,0.381736816642477,1,1,False,False,False,True,True,False,False,False,2024-04-01,False
ORD-10333,2024-03-28,2024-03-30,Standard Class,Customer_252,Home Office,West,Texas,Technology,Accessories,317.51,11.0,0.15,63.54,317.51,63.54,0.4945306658543437,0.7692307692307693,0.3,0.6488872762457668,2,2,False,False,False,True,False,False,False,True,2024-03-01,False
ORD-10334,2024-10-20,2024-10-25,Standard Class,Customer_30,Consumer,South,New York,Technology,Copiers,218.02,14.0,0.3,4.71,218.02,4.71,0.3370929648340606,1.0,0.6,0.3642718916303821,2,0,False,False,True,False,False,False,False,True,2024-10-01,False
ORD-10335,2024-05-30,2024-06-02,Standard Class,Customer_98,Consumer,East,Illinois,Office Supplies,Paper,96.76,6.0,0.15,23.7,96.76,23.7,0.1452053819039217,0.3846153846153846,0.3,0.4561441702951137,1,0,False,True,False,False,False,False,False,True,2024-05-01,False
ORD-10336,2024-06-30,2024-07-06,Standard Class,Customer_59,Corporate,Central,Ohio,Technology,Machines,96.76,6.0,0.0,70.73,96.76,70.73,0.1452053819039217,0.3846153846153846,0.0,0.6836719883889696,2,1,True,False,False,False,False,False,False,True,2024-06-01,False
ORD-10337,2023-07-11,2023-07-13,Standard Class,Customer_191,Corporate,South,New York,Furniture,Bookcases,96.76,2.0,0.1,280.77,96.76,136.11499999999998,0.1452053819039217,0.0769230769230769,0.2,1.0,0,1,False,False,True,False,False,False,False,True,2023-07-01,True
ORD-10338,2023-02-18,2023-02-23,Standard Class,Customer_63,Corporate,East,California,Furniture,Chairs,369.6,6.0,0.3,18.02,369.6,18.02,0.5769603557341965,0.3846153846153846,0.6,0.4286647314949201,0,1,False,True,False,False,False,False,False,True,2023-02-01,False
ORD-10339,2024-05-26,2024-05-28,Standard Class,Customer_74,Consumer,West,Georgia,Office Supplies,Art,81.1,4.0,0.15,18.63,81.1,18.63,0.1204242541727162,0.2307692307692307,0.3,0.4316158684083212,1,0,False,False,False,True,False,False,False,True,2024-05-01,False
ORD-10340,2023-01-17,2023-01-21,First Class,Customer_172,Consumer,South,Ohio,Office Supplies,Binders,87.29,9.0,0.15,14.75,87.29,14.75,0.1302196041507598,0.6153846153846154,0.3,0.4128447024673439,1,0,False,False,True,False,True,False,False,False,2023-01-01,False
ORD-10341,2023-06-21,2023-06-22,Second Class,Customer_284,Corporate,East,Michigan,Office Supplies,Binders,123.91,12.0,0.3,3.8,123.91,3.8,0.1881688313229657,0.8461538461538461,0.6,0.3598693759071117,1,1,False,True,False,False,False,False,True,False,2023-06-01,False
ORD-10342,2023-08-08,2023-08-14,Second Class,Customer_267,Consumer,Central,Ohio,Office Supplies,Binders,37.43,1.0,0.3,0.64,37.43,0.64,0.0513187721789906,0.0,0.6,0.344581519109821,1,0,True,False,False,False,False,False,True,False,2023-08-01,False
ORD-10343,2023-06-07,2023-06-09,First Class,Customer_77,Home Office,Central,Georgia,Furniture,Tables,180.17,13.0,0.1,23.08,180.17,23.08,0.2771973272461853,0.9230769230769232,0.2,0.4531446540880503,0,2,True,False,False,False,True,False,False,False,2023-06-01,False
ORD-10344,2024-04-21,2024-04-22,Standard Class,Customer_274,Consumer,East,Michigan,Furniture,Chairs,206.72,8.0,0.0,49.02,206.72,49.02,0.3192113081697808,0.5384615384615384,0.0,0.578640541848089,0,0,False,True,False,False,False,False,False,True,2024-04-01,False
ORD-10345,2023-02-15,2023-02-20,Second Class,Customer_124,Corporate,South,Georgia,Office Supplies,Paper,55.04,5.0,0.1,15.91,55.04,15.91,0.0791856725204036,0.3076923076923077,0.2,0.4184567005321722,1,1,False,False,True,False,False,False,True,False,2023-02-01,False
ORD-10346,2024-01-08,2024-01-09,First Class,Customer_13,Corporate,West,Pennsylvania,Office Supplies,Paper,67.9,1.0,0.2,-0.32,67.9,-0.32,0.0995359472728495,0.0,0.4,0.339937106918239,1,1,False,False,False,True,True,False,False,False,2024-01-01,False
ORD-10347,2024-06-01,2024-06-07,Standard Class,Customer_35,Corporate,East,Texas,Office Supplies,Binders,25.02,4.0,0.2,4.8,25.02,4.8,0.0316805987981311,0.2307692307692307,0.4,0.364707305273343,1,1,False,True,False,False,False,False,False,True,2024-06-01,False
ORD-10348,2023-04-09,2023-04-11,Standard Class,Customer_107,Consumer,West,Illinois,Office Supplies,Paper,33.37,1.0,0.15,9.44,33.37,9.44,0.0448940353597892,0.0,0.3,0.387155297532656,1,0,False,False,False,True,False,False,False,True,2023-04-01,False
ORD-10349,2023-02-06,2023-02-10,Standard Class,Customer_84,Home Office,Central,Illinois,Office Supplies,Binders,68.1,6.0,0.0,16.89,68.1,16.89,0.0998524367713323,0.3846153846153846,0.0,0.4231978713110788,1,2,True,False,False,False,False,False,False,True,2023-02-01,False
ORD-10350,2023-10-07,2023-10-12,Standard Class,Customer_153,Consumer,East,California,Furniture,Tables,360.33,2.0,0.1,80.82,360.33,80.82,0.5622910674795173,0.0769230769230769,0.2,0.7324866956942427,0,0,False,True,False,False,False,False,False,True,2023-10-01,False
ORD-10351,2023-12-15,2023-12-17,Standard Class,Customer_209,Corporate,Central,Texas,Furniture,Chairs,230.79,5.0,0.2,40.18,230.79,40.18,0.3573008193121892,0.3076923076923077,0.4,0.5358732462506047,0,1,True,False,False,False,False,False,False,True,2023-12-01,False
ORD-10352,2024-05-11,2024-05-17,First Class,Customer_38,Consumer,West,Texas,Technology,Copiers,111.27,7.0,0.0,53.17,111.27,53.17,0.1681666950188509,0.4615384615384615,0.0,0.5987179487179487,2,0,False,False,False,True,True,False,False,False,2024-05-01,False
ORD-10353,2023-10-29,2023-11-03,Second Class,Customer_87,Consumer,West,California,Office Supplies,Binders,61.07,2.0,0.1,11.7,61.07,11.7,0.0887278308996609,0.0769230769230769,0.2,0.3980890179003387,1,0,False,False,False,True,False,False,True,False,2023-10-01,False
ORD-10354,2023-06-30,2023-07-03,Second Class,Customer_120,Consumer,East,Michigan,Furniture,Furnishings,496.21,6.0,0.0,285.46,496.21,136.11499999999998,0.777314032748751,0.3846153846153846,0.0,1.0,0,0,False,True,False,False,False,False,True,False,2023-06-01,True
ORD-10355,2024-08-29,2024-08-30,First Class,Customer_89,Consumer,East,California,Office Supplies,Labels,82.21,6.0,0.0,13.05,82.21,13.05,0.1221807708892959,0.3846153846153846,0.0,0.4046202225447508,1,0,False,True,False,False,True,False,False,False,2024-08-01,False
ORD-10356,2023-04-09,2023-04-15,Second Class,Customer_92,Home Office,East,Michigan,Office Supplies,Art,44.7,5.0,0.0,14.47,44.7,14.47,0.0628231654488414,0.3076923076923077,0.0,0.4114900822447992,1,2,False,True,False,False,False,False,True,False,2023-04-01,False
ORD-10357,2024-11-30,2024-12-03,Standard Class,Customer_115,Consumer,Central,California,Office Supplies,Storage,96.76,5.0,0.1,3.23,96.76,3.23,0.1452053819039217,0.3076923076923077,0.2,0.3571117561683599,1,0,True,False,False,False,False,False,False,True,2024-11-01,False
ORD-10358,2023-04-26,2023-04-28,Standard Class,Customer_277,Corporate,West,New York,Office Supplies,Binders,18.48,14.0,0.1,7.54,18.48,7.54,0.0213313921977426,1.0,0.2,0.3779632317368167,1,1,False,False,False,True,False,False,False,True,2023-04-01,False
ORD-10359,2023-07-10,2023-07-14,First Class,Customer_93,Home Office,West,New York,Office Supplies,Binders,24.43,3.0,0.15,4.74,24.43,4.74,0.0307469547776067,0.1538461538461538,0.3,0.3644170295113691,1,2,False,False,False,True,True,False,False,False,2023-07-01,False
ORD-10360,2023-09-10,2023-09-15,Standard Class,Customer_134,Consumer,Central,Pennsylvania,Office Supplies,Storage,73.9,10.0,0.15,14.87,73.9,14.87,0.1090306322273344,0.6923076923076923,0.3,0.4134252539912917,1,0,True,False,False,False,False,False,False,True,2023-09-01,False
ORD-10361,2023-06-10,2023-06-11,Standard Class,Customer_236,Corporate,East,Florida,Furniture,Bookcases,246.49,10.0,0.3,28.46,246.49,28.46,0.3821452449430913,0.6923076923076923,0.6,0.4791727140783744,0,1,False,True,False,False,False,False,False,True,2023-06-01,False
ORD-10362,2023-09-13,2023-09-18,Standard Class,Customer_286,Consumer,South,California,Office Supplies,Binders,53.0,11.0,0.0,18.53,53.0,18.53,0.0759574796358788,0.7692307692307693,0.0,0.4311320754716981,1,0,False,False,True,False,False,False,False,True,2023-09-01,False
ORD-10363,2023-11-19,2023-11-21,First Class,Customer_87,Consumer,East,Texas,Technology,Machines,74.8,12.0,0.0,22.63,74.8,22.63,0.1104548349705071,0.8461538461538461,0.0,0.4509675858732462,2,0,False,True,False,False,True,False,False,False,2023-11-01,False
ORD-10364,2023-05-08,2023-05-13,Standard Class,Customer_244,Consumer,South,New York,Office Supplies,Paper,101.56,2.0,0.3,-2.09,101.56,-2.09,0.1528011298675096,0.0769230769230769,0.6,0.3313739719400096,1,0,False,False,True,False,False,False,False,True,2023-05-01,False
ORD-10365,2023-01-18,2023-01-19,Second Class,Customer_43,Home Office,South,Washington,Technology,Copiers,917.49,7.0,0.0,333.49,636.9324999999999,136.11499999999998,1.0,0.4615384615384615,0.0,1.0,2,2,False,False,True,False,False,False,True,False,2023-01-01,True
ORD-10366,2024-07-19,2024-07-21,Standard Class,Customer_44,Consumer,Central,Michigan,Office Supplies,Art,29.17,1.0,0.5,-2.03,29.17,-2.03,0.0382477558916498,0.0,1.0,0.3316642477019835,1,0,True,False,False,False,False,False,False,True,2024-07-01,False
ORD-10367,2024-07-23,2024-07-28,Standard Class,Customer_231,Corporate,West,New York,Office Supplies,Art,140.79,6.0,0.3,19.1,140.79,19.1,0.2148805449949164,0.3846153846153846,0.6,0.4338896952104499,1,1,False,False,False,True,False,False,False,True,2024-07-01,False
ORD-10368,2023-11-19,2023-11-23,Second Class,Customer_166,Consumer,West,New York,Office Supplies,Paper,37.42,6.0,0.1,15.45,37.42,15.45,0.0513029477040665,0.3846153846153846,0.2,0.4162312530237058,1,0,False,False,False,True,False,False,True,False,2023-11-01,False
ORD-10369,2024-11-16,2024-11-22,Standard Class,Customer_121,Home Office,West,Georgia,Office Supplies,Storage,22.54,3.0,0.5,-6.17,22.54,-6.17,0.027756129016944,0.1538461538461538,1.0,0.3116352201257861,1,2,False,False,False,True,False,False,False,True,2024-11-01,False
ORD-10370,2024-09-17,2024-09-19,Second Class,Customer_51,Consumer,West,Michigan,Office Supplies,Labels,27.28,2.0,0.0,9.4,27.28,9.4,0.0352569301309871,0.0769230769230769,0.0,0.3869617803580067,1,0,False,False,False,True,False,False,True,False,2024-09-01,False
ORD-10371,2023-10-15,2023-10-21,First Class,Customer_118,Corporate,Central,Illinois,Furniture,Bookcases,203.43,12.0,0.0,90.6,203.43,90.6,0.3140050559197383,0.8461538461538461,0.0,0.7798016448959846,0,1,True,False,False,False,True,False,False,False,2023-10-01,False
ORD-10372,2024-10-24,2024-10-26,First Class,Customer_155,Corporate,South,Ohio,Office Supplies,Binders,31.92,2.0,0.15,6.54,31.92,6.54,0.0425994864957887,0.0769230769230769,0.3,0.3731253023705854,1,1,False,False,True,False,True,False,False,False,2024-10-01,False
ORD-10373,2024-09-30,2024-10-04,Standard Class,Customer_34,Corporate,West,Michigan,Technology,Accessories,298.22,14.0,0.1,21.75,298.22,21.75,0.4640052537256749,1.0,0.2,0.4467102080309627,2,1,False,False,False,True,False,False,False,True,2024-09-01,False
ORD-10374,2023-06-04,2023-06-10,First Class,Customer_60,Home Office,South,Pennsylvania,Office Supplies,Art,29.31,13.0,0.4,-3.32,29.31,-3.32,0.0384692985405878,0.9230769230769232,0.8,0.3254233188195453,1,2,False,False,True,False,True,False,False,False,2023-06-01,False
ORD-10375,2024-05-04,2024-05-07,Second Class,Customer_42,Home Office,Central,Georgia,Furniture,Bookcases,543.87,9.0,0.0,204.65,543.87,136.11499999999998,0.8527334802372091,0.6153846153846154,0.0,1.0,0,2,True,False,False,False,False,False,True,False,2024-05-01,True
ORD-10376,2024-01-21,2024-01-22,First Class,Customer_237,Consumer,East,Michigan,Office Supplies,Labels,33.12,11.0,0.1,9.39,33.12,9.39,0.0444984234866856,0.7692307692307693,0.2,0.3869134010643444,1,0,False,True,False,False,True,False,False,False,2024-01-01,False
ORD-10377,2023-04-14,2023-04-17,Standard Class,Customer_279,Consumer,Central,Michigan,Technology,Phones,84.36,5.0,0.15,22.67,84.36,22.67,0.1255830329979863,0.3076923076923077,0.3,0.4511611030478955,2,0,True,False,False,False,False,False,False,True,2023-04-01,False
ORD-10378,2024-01-28,2024-02-02,Standard Class,Customer_167,Consumer,West,Florida,Office Supplies,Paper,20.49,7.0,0.15,3.13,20.49,3.13,0.024512111657495,0.4615384615384615,0.3,0.3566279632317368,1,0,False,False,False,True,False,False,False,True,2024-01-01,False
ORD-10379,2023-09-03,2023-09-07,First Class,Customer_34,Consumer,East,Georgia,Office Supplies,Paper,41.97,12.0,0.0,15.56,41.97,15.56,0.0585030837945508,0.8461538461538461,0.0,0.4167634252539913,1,0,False,True,False,False,True,False,False,False,2023-09-01,False
ORD-10380,2023-06-25,2023-06-28,First Class,Customer_8,Consumer,Central,Michigan,Furniture,Chairs,272.04,5.0,0.1,50.14,272.04,50.14,0.4225767783742726,0.3076923076923077,0.2,0.584059022738268,0,0,True,False,False,False,True,False,False,False,2023-06-01,False
ORD-10381,2023-02-08,2023-02-10,Standard Class,Customer_75,Consumer,Central,Ohio,Office Supplies,Binders,96.44,7.0,0.3,9.72,96.44,9.72,0.1446989987063492,0.4615384615384615,0.6,0.3885099177552008,1,0,True,False,False,False,False,False,False,True,2023-02-01,False
ORD-10382,2024-04-21,2024-04-26,Standard Class,Customer_140,Consumer,South,Ohio,Office Supplies,Art,44.95,13.0,0.0,15.92,44.95,15.92,0.063218777321945,0.9230769230769232,0.0,0.4185050798258345,1,0,False,False,True,False,False,False,False,True,2024-04-01,False
ORD-10383,2024-11-12,2024-11-17,Standard Class,Customer_269,Home Office,Central,Washington,Technology,Machines,453.81,4.0,0.3,6.5,453.81,6.5,0.7102182590703914,0.2307692307692307,0.6,0.3729317851959361,2,2,True,False,False,False,False,False,False,True,2024-11-01,False
ORD-10384,2024-06-21,2024-06-24,Standard Class,Customer_75,Consumer,East,Georgia,Office Supplies,Binders,36.93,8.0,0.15,12.54,36.93,12.54,0.0505275484327835,0.5384615384615384,0.3,0.4021528785679729,1,0,False,True,False,False,False,False,False,True,2024-06-01,False
ORD-10385,2024-02-12,2024-02-15,Standard Class,Customer_229,Home Office,Central,Illinois,Furniture,Furnishings,366.3,13.0,0.1,12.29,366.3,12.29,0.5717382790092297,0.9230769230769232,0.2,0.4009433962264151,0,2,True,False,False,False,False,False,False,True,2024-02-01,False
ORD-10386,2024-06-08,2024-06-12,Standard Class,Customer_133,Consumer,West,Michigan,Furniture,Bookcases,57.98,7.0,0.2,9.2,57.98,9.2,0.0838380681481012,0.4615384615384615,0.4,0.3859941944847605,0,0,False,False,False,True,False,False,False,True,2024-06-01,False
ORD-10387,2024-05-20,2024-05-21,First Class,Customer_261,Corporate,South,Florida,Furniture,Tables,374.87,14.0,0.0,105.93,374.87,105.93,0.5852998540192189,1.0,0.0,0.8539671020803096,0,1,False,False,True,False,True,False,False,False,2024-05-01,False
ORD-10388,2023-02-05,2023-02-08,Standard Class,Customer_119,Home Office,East,Florida,Office Supplies,Labels,40.92,10.0,0.15,14.8,40.92,14.8,0.056841513927516,0.6923076923076923,0.3,0.4130865989356555,1,2,False,True,False,False,False,False,False,True,2023-02-01,False
ORD-10389,2024-11-15,2024-11-18,Second Class,Customer_65,Consumer,East,Texas,Office Supplies,Labels,99.74,13.0,0.3,12.75,99.74,12.75,0.1499210754313158,0.9230769230769232,0.6,0.4031688437348815,1,0,False,True,False,False,False,False,True,False,2024-11-01,False
ORD-10390,2023-01-20,2023-01-26,Standard Class,Customer_172,Consumer,Central,Illinois,Office Supplies,Storage,104.88,11.0,0.1,21.82,104.88,21.82,0.1580548555423245,0.7692307692307693,0.2,0.4470488630865989,1,0,True,False,False,False,False,False,False,True,2023-01-01,False
ORD-10391,2023-11-17,2023-11-19,Standard Class,Customer_276,Consumer,West,Florida,Office Supplies,Labels,69.61,10.0,0.4,-2.25,69.61,-2.25,0.1022419324848777,0.6923076923076923,0.8,0.3305999032414126,1,0,False,False,False,True,False,False,False,True,2023-11-01,False
ORD-10392,2024-05-26,2024-06-01,Standard Class,Customer_38,Consumer,South,Ohio,Office Supplies,Labels,37.14,7.0,0.1,15.19,37.14,15.19,0.0508598624061905,0.4615384615384615,0.2,0.4149733913884857,1,0,False,False,True,False,False,False,False,True,2024-05-01,False
ORD-10393,2024-02-04,2024-02-10,Standard Class,Customer_170,Home Office,East,Texas,Furniture,Chairs,227.02,10.0,0.0,62.27,227.02,62.27,0.3513349922657879,0.6923076923076923,0.0,0.6427431059506531,0,2,False,True,False,False,False,False,False,True,2024-02-01,False
ORD-10394,2024-10-15,2024-10-20,First Class,Customer_273,Home Office,Central,California,Furniture,Furnishings,122.96,5.0,0.1,14.61,122.96,14.61,0.1866655062051722,0.3076923076923077,0.2,0.4121673923560716,0,2,True,False,False,False,True,False,False,False,2024-10-01,False
ORD-10395,2024-04-15,2024-04-16,First Class,Customer_137,Consumer,Central,Florida,Technology,Copiers,325.58,11.0,0.4,4.32,325.58,4.32,0.5073010171181258,0.7692307692307693,0.8,0.362385099177552,2,0,True,False,False,False,True,False,False,False,2024-04-01,False
ORD-10396,2023-05-23,2023-05-25,Standard Class,Customer_261,Consumer,West,Pennsylvania,Office Supplies,Storage,13.59,6.0,0.0,5.1,13.59,5.1,0.0135932239598374,0.3846153846153846,0.0,0.3661586840832123,1,0,False,False,False,True,False,False,False,True,2023-05-01,False
ORD-10397,2023-04-02,2023-04-06,Standard Class,Customer_79,Consumer,Central,Georgia,Office Supplies,Binders,42.77,5.0,0.3,5.7,42.77,5.7,0.0597690417884821,0.3076923076923077,0.6,0.3690614417029511,1,0,True,False,False,False,False,False,False,True,2023-04-01,False
ORD-10398,2023-12-20,2023-12-24,Standard Class,Customer_32,Consumer,South,Florida,Technology,Copiers,723.8,7.0,0.3,96.85,636.9324999999999,96.85,1.0,0.4615384615384615,0.6,0.8100387034349299,2,0,False,False,True,False,False,False,False,True,2023-12-01,True
ORD-10399,2024-12-27,2024-12-30,First Class,Customer_73,Corporate,Central,New York,Office Supplies,Binders,34.39,12.0,0.1,13.81,34.39,13.81,0.0465081318020516,0.8461538461538461,0.2,0.4082970488630866,1,1,True,False,False,False,True,False,False,False,2024-12-01,False
ORD-10400,2023-02-20,2023-02-23,First Class,Customer_108,Consumer,South,Illinois,Technology,Accessories,482.55,2.0,0.0,102.57,482.55,102.57,0.7556978000023739,0.0769230769230769,0.0,0.8377116594097725,2,0,False,False,True,False,True,False,False,False,2023-02-01,False
ORD-10401,2024-10-26,2024-10-30,Standard Class,Customer_39,Corporate,East,New York,Office Supplies,Binders,96.76,5.0,0.2,5.89,96.76,5.89,0.1452053819039217,0.3076923076923077,0.4,0.3699806482825351,1,1,False,True,False,False,False,False,False,True,2024-10-01,False
ORD-10402,2024-11-28,2024-12-01,Second Class,Customer_184,Consumer,East,Washington,Technology,Phones,687.42,10.0,0.0,277.01,636.9324999999999,136.11499999999998,1.0,0.6923076923076923,0.0,1.0,2,0,False,True,False,False,False,False,True,False,2024-11-01,True
ORD-10403,2024-07-28,2024-07-29,First Class,Customer_67,Consumer,Central,Florida,Furniture,Furnishings,199.59,3.0,0.2,16.28,199.59,16.28,0.307928457548868,0.1538461538461538,0.4,0.4202467343976778,0,0,True,False,False,False,True,False,False,False,2024-07-01,False
ORD-10404,2023-07-09,2023-07-15,Standard Class,Customer_194,Corporate,East,California,Furniture,Bookcases,125.05,9.0,0.1,17.94,125.05,17.94,0.1899728214643178,0.6153846153846154,0.2,0.4282776971456216,0,1,False,True,False,False,False,False,False,True,2023-07-01,False
ORD-10405,2023-05-05,2023-05-08,Standard Class,Customer_15,Consumer,South,New York,Office Supplies,Storage,18.78,13.0,0.1,7.69,18.78,7.69,0.0218061264454668,0.9230769230769232,0.2,0.3786889211417513,1,0,False,False,True,False,False,False,False,True,2023-05-01,False
ORD-10406,2023-05-30,2023-06-04,First Class,Customer_297,Home Office,East,New York,Technology,Copiers,170.49,6.0,0.2,6.89,170.49,6.89,0.2618792355196164,0.3846153846153846,0.4,0.3748185776487663,2,2,False,True,False,False,True,False,False,False,2023-05-01,False
ORD-10407,2023-11-10,2023-11-13,Second Class,Customer_148,Home Office,West,Illinois,Technology,Phones,273.19,13.0,0.1,63.35,273.19,63.35,0.4243965929905489,0.9230769230769232,0.2,0.6479680696661829,2,2,False,False,False,True,False,False,True,False,2023-11-01,False
ORD-10408,2024-07-23,2024-07-25,Standard Class,Customer_17,Consumer,West,Texas,Furniture,Tables,76.95,10.0,0.1,19.64,76.95,19.64,0.1138570970791975,0.6923076923076923,0.2,0.4365021770682148,0,0,False,False,False,True,False,False,False,True,2024-07-01,False
ORD-10409,2023-12-08,2023-12-09,Standard Class,Customer_73,Consumer,Central,California,Office Supplies,Binders,27.72,7.0,0.1,10.11,27.72,10.11,0.0359532070276493,0.4615384615384615,0.2,0.3903967102080309,1,0,True,False,False,False,False,False,False,True,2023-12-01,False
ORD-10410,2023-11-01,2023-11-03,Standard Class,Customer_126,Home Office,Central,New York,Technology,Phones,767.88,7.0,0.1,84.85,636.9324999999999,84.85,1.0,0.4615384615384615,0.2,0.7519835510401549,2,2,True,False,False,False,False,False,False,True,2023-11-01,True
ORD-10411,2024-11-22,2024-11-24,Standard Class,Customer_296,Home Office,Central,Michigan,Office Supplies,Art,97.05,4.0,0.1,28.46,97.05,28.46,0.1456642916767218,0.2307692307692307,0.2,0.4791727140783744,1,2,True,False,False,False,False,False,False,True,2024-11-01,False
ORD-10412,2024-11-12,2024-11-17,Second Class,Customer_22,Home Office,Central,California,Technology,Copiers,44.73,14.0,0.2,4.42,44.73,4.42,0.0628706388736138,1.0,0.4,0.3628688921141751,2,2,True,False,False,False,False,False,True,False,2024-11-01,False
ORD-10413,2023-02-23,2023-02-24,Standard Class,Customer_9,Consumer,South,Michigan,Technology,Phones,1615.68,3.0,0.1,501.2,636.9324999999999,136.11499999999998,1.0,0.1538461538461538,0.2,1.0,2,0,False,False,True,False,False,False,False,True,2023-02-01,True
ORD-10414,2024-03-19,2024-03-20,Second Class,Customer_84,Home Office,South,Florida,Office Supplies,Storage,119.16,8.0,0.1,22.34,119.16,22.34,0.1806522057339985,0.5384615384615384,0.2,0.4495645863570392,1,2,False,False,True,False,False,False,True,False,2024-03-01,False
ORD-10415,2024-09-04,2024-09-05,First Class,Customer_61,Consumer,West,New York,Office Supplies,Paper,13.0,13.0,0.15,4.43,13.0,4.43,0.0126595799393131,0.9230769230769232,0.3,0.3629172714078374,1,0,False,False,False,True,True,False,False,False,2024-09-01,False
ORD-10416,2023-09-21,2023-09-22,Standard Class,Customer_185,Corporate,South,New York,Office Supplies,Storage,52.38,4.0,0.0,14.56,52.38,14.56,0.074976362190582,0.2307692307692307,0.0,0.41192549588776,1,1,False,False,True,False,False,False,False,True,2023-09-01,False
ORD-10417,2023-02-22,2023-02-23,Standard Class,Customer_226,Home Office,East,Ohio,Office Supplies,Art,33.96,11.0,0.0,5.2,33.96,5.2,0.0458276793803135,0.7692307692307693,0.0,0.3666424770198355,1,2,False,True,False,False,False,False,False,True,2023-02-01,False
ORD-10418,2024-07-25,2024-07-30,Standard Class,Customer_226,Consumer,West,Ohio,Technology,Phones,233.24,1.0,0.4,-17.05,233.24,-17.05,0.3611778156686039,0.0,0.8,0.2589985486211901,2,0,False,False,False,True,False,False,False,True,2024-07-01,False
ORD-10419,2024-09-11,2024-09-14,Second Class,Customer_160,Home Office,Central,Illinois,Office Supplies,Art,12.37,6.0,0.2,1.84,12.37,1.84,0.0116626380190922,0.3846153846153846,0.4,0.3503870343492985,1,2,True,False,False,False,False,False,True,False,2024-09-01,False
ORD-10420,2023-01-05,2023-01-07,Standard Class,Customer_176,Consumer,Central,Georgia,Technology,Machines,683.23,10.0,0.15,206.05,636.9324999999999,136.11499999999998,1.0,0.6923076923076923,0.3,1.0,2,0,True,False,False,False,False,False,False,True,2023-01-01,True
ORD-10421,2023-04-13,2023-04-14,Second Class,Customer_259,Home Office,South,Georgia,Furniture,Chairs,526.08,11.0,0.15,60.15,526.08,60.15,0.8245817393471615,0.7692307692307693,0.3,0.6324866956942429,0,2,False,False,True,False,False,False,True,False,2023-04-01,False
ORD-10422,2023-07-15,2023-07-18,First Class,Customer_20,Consumer,West,Texas,Technology,Phones,492.94,11.0,0.0,123.68,492.94,123.68,0.7721394294485567,0.7692307692307693,0.0,0.9398403483309145,2,0,False,False,False,True,True,False,False,False,2023-07-01,False
ORD-10423,2023-12-16,2023-12-19,Standard Class,Customer_59,Home Office,South,Illinois,Office Supplies,Paper,168.83,1.0,0.15,49.27,168.83,49.27,0.259252372682209,0.0,0.3,0.5798500241896468,1,2,False,False,True,False,False,False,False,True,2023-12-01,False
ORD-10424,2023-02-16,2023-02-18,First Class,Customer_164,Consumer,South,Georgia,Furniture,Chairs,257.81,5.0,0.1,38.67,257.81,38.67,0.4000585505572194,0.3076923076923077,0.2,0.5285679729075956,0,0,False,False,True,False,True,False,False,False,2023-02-01,False
ORD-10425,2024-10-17,2024-10-22,Same Day,Customer_279,Corporate,South,Illinois,Furniture,Chairs,165.13,7.0,0.1,40.57,165.13,40.57,0.2533973169602767,0.4615384615384615,0.2,0.5377600387034349,0,1,False,False,True,False,False,True,False,False,2024-10-01,False
ORD-10426,2023-09-26,2023-09-30,Standard Class,Customer_282,Corporate,West,New York,Office Supplies,Art,21.33,6.0,0.1,5.27,21.33,5.27,0.0258413675511229,0.3846153846153846,0.2,0.3669811320754716,1,1,False,False,False,True,False,False,False,True,2023-09-01,False
ORD-10427,2024-01-05,2024-01-09,Standard Class,Customer_257,Consumer,Central,Ohio,Office Supplies,Paper,24.11,14.0,0.0,8.86,24.11,8.86,0.0302405715800342,1.0,0.0,0.3843492985002419,1,0,True,False,False,False,False,False,False,True,2024-01-01,False
ORD-10428,2024-09-27,2024-09-30,Same Day,Customer_54,Consumer,East,Ohio,Technology,Copiers,880.34,2.0,0.0,255.31,636.9324999999999,136.11499999999998,1.0,0.0769230769230769,0.0,1.0,2,0,False,True,False,False,False,True,False,False,2024-09-01,True
ORD-10429,2023-04-16,2023-04-22,Same Day,Customer_27,Corporate,Central,Ohio,Furniture,Chairs,387.94,11.0,0.4,-32.65,387.94,-32.65,0.6059824427450717,0.7692307692307693,0.8,0.1835268505079825,0,1,True,False,False,False,False,True,False,False,2023-04-01,False
ORD-10430,2024-10-31,2024-11-06,Standard Class,Customer_84,Consumer,West,Georgia,Furniture,Chairs,212.52,4.0,0.1,60.95,212.52,60.95,0.3283895036257829,0.2307692307692307,0.2,0.6363570391872279,0,0,False,False,False,True,False,False,False,True,2024-10-01,False
ORD-10431,2024-10-20,2024-10-22,Standard Class,Customer_215,Corporate,Central,California,Office Supplies,Storage,29.53,11.0,0.1,5.56,29.53,5.56,0.0388174369889189,0.7692307692307693,0.2,0.3683841315916787,1,1,True,False,False,False,False,False,False,True,2024-10-01,False
ORD-10432,2024-10-18,2024-10-22,Standard Class,Customer_270,Consumer,Central,Pennsylvania,Office Supplies,Binders,84.75,2.0,0.0,20.44,84.75,20.44,0.1262001875200278,0.0769230769230769,0.0,0.4403725205611998,1,0,True,False,False,False,False,False,False,True,2024-10-01,False
ORD-10433,2023-04-30,2023-05-03,Same Day,Customer_186,Home Office,East,New York,Office Supplies,Art,15.28,11.0,0.0,6.85,15.28,6.85,0.0162675602220173,0.7692307692307693,0.0,0.374625060474117,1,2,False,True,False,False,False,True,False,False,2023-04-01,False
ORD-10434,2024-08-26,2024-08-31,Standard Class,Customer_192,Consumer,Central,Florida,Technology,Phones,138.62,1.0,0.2,28.98,138.62,28.98,0.2114466339363777,0.0,0.4,0.4816884373488147,2,0,True,False,False,False,False,False,False,True,2024-08-01,False
ORD-10435,2023-02-27,2023-03-03,Standard Class,Customer_4,Consumer,Central,Illinois,Technology,Machines,685.44,7.0,0.1,275.14,636.9324999999999,136.11499999999998,1.0,0.4615384615384615,0.2,1.0,2,0,True,False,False,False,False,False,False,True,2023-02-01,True
ORD-10436,2023-12-12,2023-12-15,First Class,Customer_55,Consumer,Central,Ohio,Technology,Phones,482.86,3.0,0.1,155.83,482.86,136.11499999999998,0.7561883587250222,0.1538461538461538,0.2,1.0,2,0,True,False,False,False,True,False,False,False,2023-12-01,True
ORD-10437,2024-04-18,2024-04-21,Standard Class,Customer_109,Consumer,South,Ohio,Technology,Phones,160.54,12.0,0.0,39.9,160.54,39.9,0.2461338829700957,0.8461538461538461,0.0,0.53451862602806,2,0,False,False,True,False,False,False,False,True,2024-04-01,False
ORD-10438,2023-04-27,2023-04-28,Second Class,Customer_195,Consumer,West,Ohio,Office Supplies,Paper,54.39,7.0,0.2,9.67,54.39,9.67,0.0781570816503345,0.4615384615384615,0.4,0.3882680212868892,1,0,False,False,False,True,False,False,True,False,2023-04-01,False
ORD-10439,2023-05-07,2023-05-12,Standard Class,Customer_2,Consumer,West,New York,Office Supplies,Binders,24.12,1.0,0.0,6.48,24.12,6.48,0.0302563960549584,0.0,0.0,0.3728350266086115,1,0,False,False,False,True,False,False,False,True,2023-05-01,False
ORD-10440,2024-01-28,2024-01-29,First Class,Customer_214,Home Office,East,Ohio,Office Supplies,Art,52.77,9.0,0.0,11.5,52.77,11.5,0.0755935167126236,0.6153846153846154,0.0,0.3971214320270924,1,2,False,True,False,False,True,False,False,False,2024-01-01,False
ORD-10441,2024-10-02,2024-10-04,Standard Class,Customer_54,Corporate,South,Texas,Technology,Accessories,359.26,11.0,0.1,80.55,359.26,80.55,0.5605978486626342,0.7692307692307693,0.2,0.7311804547653604,2,1,False,False,True,False,False,False,False,True,2024-10-01,False
ORD-10442,2023-02-27,2023-02-28,Second Class,Customer_195,Corporate,South,Illinois,Furniture,Bookcases,198.58,6.0,0.0,85.09,198.58,85.09,0.3063301855815297,0.3846153846153846,0.0,0.7531446540880504,0,1,False,False,True,False,False,False,True,False,2023-02-01,False
ORD-10443,2024-09-25,2024-09-26,Second Class,Customer_267,Consumer,Central,New York,Office Supplies,Art,34.12,4.0,0.0,12.69,34.12,12.69,0.0460808709790998,0.2307692307692307,0.0,0.4028785679729075,1,0,True,False,False,False,False,False,True,False,2024-09-01,False
ORD-10444,2024-05-27,2024-05-31,Standard Class,Customer_196,Corporate,West,Illinois,Furniture,Tables,114.8,3.0,0.1,11.91,114.8,11.91,0.1737527346670728,0.1538461538461538,0.2,0.3991049830672472,0,1,False,False,False,True,False,False,False,True,2024-05-01,False
ORD-10445,2023-04-06,2023-04-12,Standard Class,Customer_169,Consumer,East,Michigan,Office Supplies,Art,37.1,3.0,0.15,6.54,37.1,6.54,0.0507965645064939,0.1538461538461538,0.3,0.3731253023705854,1,0,False,True,False,False,False,False,False,True,2023-04-01,False
ORD-10446,2024-09-29,2024-10-02,Standard Class,Customer_272,Corporate,South,Washington,Technology,Copiers,1000.0,2.0,0.3,68.57,636.9324999999999,68.57,1.0,0.0769230769230769,0.6,0.6732220609579099,2,1,False,False,True,False,False,False,False,True,2024-09-01,True
ORD-10447,2023-04-28,2023-05-03,Standard Class,Customer_78,Consumer,Central,Texas,Technology,Phones,377.63,2.0,0.1,47.16,377.63,47.16,0.589667409098282,0.0769230769230769,0.2,0.5696419932268989,2,0,True,False,False,False,False,False,False,True,2023-04-01,False
ORD-10448,2024-07-13,2024-07-14,First Class,Customer_13,Consumer,East,California,Office Supplies,Art,183.75,14.0,0.0,74.8,183.75,74.8,0.282862489269028,1.0,0.0,0.7033623609095307,1,0,False,True,False,False,True,False,False,False,2024-07-01,False
ORD-10449,2024-08-23,2024-08-28,First Class,Customer_40,Consumer,South,California,Technology,Copiers,69.01,12.0,0.0,22.89,69.01,22.89,0.1012924639894292,0.8461538461538461,0.0,0.4522254475084664,2,0,False,False,True,False,True,False,False,False,2024-08-01,False
ORD-10450,2024-05-02,2024-05-08,Standard Class,Customer_222,Home Office,East,Pennsylvania,Office Supplies,Binders,32.11,13.0,0.5,-6.78,32.11,-6.78,0.0429001515193474,0.9230769230769232,1.0,0.3086840832123851,1,2,False,True,False,False,False,False,False,True,2024-05-01,False
ORD-10451,2023-08-25,2023-08-31,Second Class,Customer_64,Consumer,South,Texas,Furniture,Furnishings,436.05,10.0,0.15,43.27,436.05,43.27,0.6821139916051162,0.6923076923076923,0.3,0.5508224479922593,0,0,False,False,True,False,False,False,True,False,2023-08-01,False
ORD-10452,2023-09-29,2023-09-30,Second Class,Customer_55,Corporate,East,Illinois,Office Supplies,Labels,215.44,5.0,0.2,55.59,215.44,55.59,0.3330102503036322,0.3076923076923077,0.4,0.6104257377842284,1,1,False,True,False,False,False,False,True,False,2023-09-01,False
ORD-10453,2023-07-08,2023-07-10,First Class,Customer_93,Consumer,South,California,Office Supplies,Art,12.93,9.0,0.0,4.13,12.93,4.13,0.0125488086148441,0.6153846153846154,0.0,0.361465892597968,1,0,False,False,True,False,True,False,False,False,2023-07-01,False
ORD-10454,2024-12-04,2024-12-05,Standard Class,Customer_60,Corporate,South,Washington,Furniture,Bookcases,283.66,2.0,0.1,100.76,283.66,100.76,0.440964818236125,0.0769230769230769,0.2,0.8289550072568941,0,1,False,False,True,False,False,False,False,True,2024-12-01,False
ORD-10455,2024-03-22,2024-03-26,Standard Class,Customer_52,Home Office,East,California,Technology,Machines,525.21,2.0,0.0,249.88,525.21,136.11499999999998,0.8232050100287612,0.0769230769230769,0.0,1.0,2,2,False,True,False,False,False,False,False,True,2024-03-01,True
ORD-10456,2024-08-03,2024-08-06,Standard Class,Customer_92,Consumer,South,Ohio,Office Supplies,Labels,119.77,12.0,0.15,35.55,119.77,35.55,0.1816174987043711,0.8461538461538461,0.3,0.513473633284954,1,0,False,False,True,False,False,False,False,True,2024-08-01,False
ORD-10457,2023-09-04,2023-09-06,Standard Class,Customer_163,Consumer,South,Pennsylvania,Technology,Phones,243.24,6.0,0.4,-12.81,243.24,-12.81,0.3770022905927453,0.3846153846153846,0.8,0.2795113691340106,2,0,False,False,True,False,False,False,False,True,2023-09-01,False
ORD-10458,2023-03-17,2023-03-18,Standard Class,Customer_100,Home Office,South,New York,Office Supplies,Binders,96.76,13.0,0.4,-8.44,96.76,-8.44,0.1452053819039217,0.9230769230769232,0.8,0.3006531204644412,1,2,False,False,True,False,False,False,False,True,2023-03-01,False
ORD-10459,2023-06-03,2023-06-08,Standard Class,Customer_14,Corporate,East,Florida,Furniture,Tables,118.28,10.0,0.1,33.71,118.28,33.71,0.1792596519406741,0.6923076923076923,0.2,0.5045718432510885,0,1,False,True,False,False,False,False,False,True,2023-06-01,False
ORD-10460,2024-10-17,2024-10-19,Standard Class,Customer_285,Consumer,East,Florida,Office Supplies,Paper,37.83,2.0,0.1,16.16,37.83,16.16,0.0519517511759563,0.0769230769230769,0.2,0.41966618287373,1,0,False,True,False,False,False,False,False,True,2024-10-01,False
ORD-10461,2024-03-10,2024-03-12,Second Class,Customer_229,Corporate,South,California,Furniture,Chairs,3048.07,12.0,0.4,323.88,636.9324999999999,136.11499999999998,1.0,0.8461538461538461,0.8,1.0,0,1,False,False,True,False,False,False,True,False,2024-03-01,True
ORD-10462,2023-03-27,2023-03-28,Standard Class,Customer_145,Corporate,South,Illinois,Office Supplies,Art,67.38,4.0,0.15,3.76,67.38,3.76,0.0987130745767942,0.2307692307692307,0.3,0.3596758587324625,1,1,False,False,True,False,False,False,False,True,2023-03-01,False
ORD-10463,2024-11-27,2024-11-29,Standard Class,Customer_150,Consumer,East,Illinois,Technology,Machines,642.5,6.0,0.0,190.19,636.9324999999999,136.11499999999998,1.0,0.3846153846153846,0.0,1.0,2,0,False,True,False,False,False,False,False,True,2024-11-01,True
ORD-10464,2023-10-12,2023-10-17,Standard Class,Customer_230,Home Office,Central,Ohio,Office Supplies,Labels,15.36,5.0,0.1,3.77,15.36,3.77,0.0163941560214105,0.3076923076923077,0.2,0.3597242380261248,1,2,True,False,False,False,False,False,False,True,2023-10-01,False
ORD-10465,2023-08-08,2023-08-14,Standard Class,Customer_93,Consumer,South,California,Office Supplies,Paper,28.62,1.0,0.1,7.5,28.62,7.5,0.037377409770822,0.0,0.2,0.3777697145621674,1,0,False,False,True,False,False,False,False,True,2023-08-01,False
ORD-10466,2023-03-10,2023-03-12,Second Class,Customer_18,Consumer,Central,California,Furniture,Tables,376.05,6.0,0.1,20.64,376.05,20.64,0.5871671420602677,0.3846153846153846,0.2,0.441340106434446,0,0,True,False,False,False,False,False,True,False,2023-03-01,False
ORD-10467,2023-02-16,2023-02-22,Standard Class,Customer_286,Corporate,East,Florida,Furniture,Chairs,59.4,1.0,0.1,14.98,59.4,14.98,0.0860851435873293,0.0,0.2,0.4139574262215771,0,1,False,True,False,False,False,False,False,True,2023-02-01,False
ORD-10468,2023-04-04,2023-04-09,Standard Class,Customer_31,Consumer,South,Michigan,Furniture,Chairs,865.98,3.0,0.15,131.81,636.9324999999999,131.81,1.0,0.1538461538461538,0.3,0.9791727140783744,0,0,False,False,True,False,False,False,False,True,2023-04-01,True
ORD-10469,2024-03-28,2024-03-29,Standard Class,Customer_108,Consumer,Central,California,Office Supplies,Paper,96.76,10.0,0.1,45.02,96.76,45.02,0.1452053819039217,0.6923076923076923,0.2,0.559288824383164,1,0,True,False,False,False,False,False,False,True,2024-03-01,False
ORD-10470,2023-07-23,2023-07-26,Standard Class,Customer_60,Corporate,East,New York,Furniture,Tables,413.59,5.0,0.1,148.1,413.59,136.11499999999998,0.6465722209254945,0.3076923076923077,0.2,1.0,0,1,False,True,False,False,False,False,False,True,2023-07-01,True
ORD-10471,2023-08-06,2023-08-08,Standard Class,Customer_180,Home Office,Central,Pennsylvania,Office Supplies,Binders,81.74,14.0,0.1,24.32,81.74,24.32,0.1214370205678612,1.0,0.2,0.4591436865021771,1,2,True,False,False,False,False,False,False,True,2023-08-01,False
ORD-10472,2024-04-18,2024-04-21,First Class,Customer_264,Home Office,West,Pennsylvania,Office Supplies,Art,106.27,10.0,0.3,7.49,106.27,7.49,0.1602544575567802,0.6923076923076923,0.6,0.377721335268505,1,2,False,False,False,True,True,False,False,False,2024-04-01,False
ORD-10473,2024-03-07,2024-03-12,Standard Class,Customer_268,Home Office,East,New York,Office Supplies,Paper,110.18,13.0,0.15,24.51,110.18,24.51,0.1664418272521195,0.9230769230769232,0.3,0.460062893081761,1,2,False,True,False,False,False,False,False,True,2024-03-01,False
ORD-10474,2023-12-07,2023-12-09,Standard Class,Customer_190,Home Office,West,Michigan,Furniture,Bookcases,96.76,5.0,0.0,92.05,96.76,92.05,0.1452053819039217,0.3076923076923077,0.0,0.7868166424770199,0,2,False,False,False,True,False,False,False,True,2023-12-01,False
ORD-10475,2024-07-04,2024-07-10,Standard Class,Customer_187,Consumer,East,Illinois,Office Supplies,Binders,17.04,13.0,0.4,-1.59,17.04,-1.59,0.0190526678086662,0.9230769230769232,0.8,0.3337929366231252,1,0,False,True,False,False,False,False,False,True,2024-07-01,False
ORD-10476,2024-09-03,2024-09-07,Standard Class,Customer_86,Consumer,East,Florida,Technology,Machines,476.37,10.0,0.3,79.6,476.37,79.6,0.7459182744992544,0.6923076923076923,0.6,0.7265844218674408,2,0,False,True,False,False,False,False,False,True,2024-09-01,False
ORD-10477,2023-10-16,2023-10-19,Second Class,Customer_271,Home Office,South,Pennsylvania,Office Supplies,Binders,113.45,6.0,0.0,41.61,113.45,41.61,0.1716164305523137,0.3846153846153846,0.0,0.5427914852443154,1,2,False,False,True,False,False,False,True,False,2023-10-01,False
ORD-10478,2023-09-11,2023-09-13,Second Class,Customer_171,Consumer,West,Texas,Office Supplies,Art,56.76,12.0,0.0,18.06,56.76,18.06,0.081907482207356,0.8461538461538461,0.0,0.4288582486695694,1,0,False,False,False,True,False,False,True,False,2023-09-01,False
ORD-10479,2023-12-23,2023-12-26,Second Class,Customer_290,Corporate,West,Washington,Furniture,Tables,539.46,10.0,0.2,112.69,539.46,112.69,0.8457548867956627,0.6923076923076923,0.4,0.8866715045960328,0,1,False,False,False,True,False,False,True,False,2023-12-01,False
ORD-10480,2023-01-23,2023-01-25,Standard Class,Customer_74,Corporate,West,Florida,Technology,Copiers,618.06,8.0,0.3,74.46,618.06,74.46,0.9701352596994142,0.5384615384615384,0.6,0.7017174649250121,2,1,False,False,False,True,False,False,False,True,2023-01-01,False
ORD-10481,2024-06-05,2024-06-06,Standard Class,Customer_154,Consumer,East,Michigan,Office Supplies,Labels,92.04,5.0,0.4,13.74,92.04,13.74,0.137736229739727,0.3076923076923077,0.8,0.4079583938074503,1,0,False,True,False,False,False,False,False,True,2024-06-01,False
ORD-10482,2023-04-10,2023-04-16,First Class,Customer_179,Home Office,West,Texas,Office Supplies,Storage,33.11,14.0,0.3,3.08,33.11,3.08,0.0444825990117615,1.0,0.6,0.3563860667634252,1,2,False,False,False,True,True,False,False,False,2023-04-01,False
ORD-10483,2023-06-29,2023-07-02,Same Day,Customer_163,Consumer,West,California,Technology,Phones,676.62,11.0,0.15,87.96,636.9324999999999,87.96,1.0,0.7692307692307693,0.3,0.767029511369134,2,0,False,False,False,True,False,True,False,False,2023-06-01,True
ORD-10484,2023-08-11,2023-08-15,Standard Class,Customer_102,Consumer,South,New York,Office Supplies,Art,24.75,1.0,0.1,6.21,24.75,6.21,0.0312533379751793,0.0,0.2,0.371528785679729,1,0,False,False,True,False,False,False,False,True,2023-08-01,False
ORD-10485,2024-10-20,2024-10-24,Standard Class,Customer_142,Home Office,Central,California,Office Supplies,Paper,24.92,5.0,0.0,9.93,24.92,9.93,0.0315223540488897,0.3076923076923077,0.0,0.3895258829221092,1,2,True,False,False,False,False,False,False,True,2024-10-01,False
ORD-10486,2024-03-17,2024-03-22,Standard Class,Customer_76,Consumer,Central,Ohio,Office Supplies,Art,36.83,3.0,0.0,15.82,36.83,15.82,0.0503693036835421,0.1538461538461538,0.0,0.4180212868892114,1,0,True,False,False,False,False,False,False,True,2024-03-01,False
ORD-10487,2024-08-30,2024-09-01,Standard Class,Customer_223,Consumer,West,Georgia,Office Supplies,Paper,78.71,4.0,0.1,10.3,78.71,10.3,0.1166422046658464,0.2307692307692307,0.2,0.3913159167876149,1,0,False,False,False,True,False,False,False,True,2024-08-01,False
ORD-10488,2023-11-21,2023-11-24,Standard Class,Customer_186,Corporate,West,New York,Technology,Accessories,465.69,13.0,0.15,109.57,465.69,109.57,0.7290177352802714,0.9230769230769232,0.3,0.8715771649733913,2,1,False,False,False,True,False,False,False,True,2023-11-01,False
ORD-10489,2024-05-30,2024-06-04,Standard Class,Customer_99,Home Office,West,Texas,Office Supplies,Binders,58.25,8.0,0.15,8.34,58.25,8.34,0.0842653289710531,0.5384615384615384,0.3,0.3818335752298016,1,2,False,False,False,True,False,False,False,True,2024-05-01,False
ORD-10490,2023-01-16,2023-01-19,Second Class,Customer_211,Corporate,West,Washington,Office Supplies,Art,41.23,7.0,0.1,5.14,41.23,5.14,0.0573320726501643,0.4615384615384615,0.2,0.3663522012578616,1,1,False,False,False,True,False,False,True,False,2023-01-01,False
ORD-10491,2023-12-02,2023-12-04,Standard Class,Customer_230,Corporate,Central,Georgia,Furniture,Bookcases,289.1,11.0,0.0,120.75,289.1,120.75,0.4495733325948579,0.7692307692307693,0.0,0.9256652152878568,0,1,True,False,False,False,False,False,False,True,2023-12-01,False
ORD-10492,2023-09-15,2023-09-19,Standard Class,Customer_256,Corporate,South,Ohio,Furniture,Furnishings,117.81,5.0,0.15,32.36,117.81,32.36,0.1785159016192394,0.3076923076923077,0.3,0.4980406386066763,0,1,False,False,True,False,False,False,False,True,2023-09-01,False
ORD-10493,2024-05-11,2024-05-12,Standard Class,Customer_289,Consumer,East,Illinois,Office Supplies,Binders,19.1,2.0,0.0,5.65,19.1,5.65,0.0223125096430394,0.0769230769230769,0.0,0.3688195452346396,1,0,False,True,False,False,False,False,False,True,2024-05-01,False
ORD-10494,2023-06-09,2023-06-13,First Class,Customer_70,Home Office,West,Ohio,Office Supplies,Art,76.2,6.0,0.1,18.525,76.2,18.525,0.1126702614598869,0.3846153846153846,0.2,0.4311078858248669,1,2,False,False,False,True,True,False,False,False,2023-06-01,False
ORD-10495,2024-04-19,2024-04-24,Standard Class,Customer_291,Home Office,West,Georgia,Office Supplies,Paper,6.57,11.0,0.2,0.83,6.57,0.83,0.0024844425630902,0.7692307692307693,0.4,0.3455007256894049,1,2,False,False,False,True,False,False,False,True,2024-04-01,False
ORD-10496,2024-10-25,2024-10-31,Second Class,Customer_131,Consumer,Central,Pennsylvania,Office Supplies,Art,121.38,6.0,0.15,54.18,121.38,54.18,0.1841652391671579,0.3846153846153846,0.3,0.6036042573778423,1,0,True,False,False,False,False,False,True,False,2024-10-01,False
ORD-10497,2024-11-20,2024-11-21,Standard Class,Customer_74,Consumer,West,Florida,Office Supplies,Storage,59.3,10.0,0.5,-4.61,59.3,-4.61,0.0859268988380879,0.6923076923076923,1.0,0.3191823899371069,1,0,False,False,False,True,False,False,False,True,2024-11-01,False
ORD-10498,2024-11-05,2024-11-10,Second Class,Customer_297,Home Office,South,Michigan,Furniture,Tables,203.77,10.0,0.0,18.525,203.77,18.525,0.3145430880671591,0.6923076923076923,0.0,0.4311078858248669,0,2,False,False,True,False,False,False,True,False,2024-11-01,False
ORD-10499,2024-01-15,2024-01-17,Standard Class,Customer_156,Home Office,South,California,Office Supplies,Labels,5.0,14.0,0.1,1.83,5.0,1.83,0.0,1.0,0.2,0.3503386550556361,1,2,False,False,True,False,False,False,False,True,2024-01-01,False
ORD-10500,2024-06-28,2024-06-29,Standard Class,Customer_75,Home Office,West,Illinois,Furniture,Tables,146.3,11.0,0.0,67.09,146.3,67.09,0.2235998306781183,0.7692307692307693,0.0,0.6660619254958878,0,2,False,False,False,True,False,False,False,True,2024-06-01,False
ORD-10501,2024-11-21,2024-11-26,Standard Class,Customer_6,Home Office,Central,Michigan,Technology,Machines,324.09,6.0,0.1,18.525,324.09,18.525,0.5049431703544287,0.3846153846153846,0.2,0.4311078858248669,2,2,True,False,False,False,False,False,False,True,2024-11-01,False
ORD-10502,2024-03-02,2024-03-04,Standard Class,Customer_253,Corporate,West,Ohio,Office Supplies,Binders,6.0,14.0,0.3,1.48,6.0,1.48,0.0015824474924141,1.0,0.6,0.3486453797774552,1,1,False,False,False,True,False,False,False,True,2024-03-01,False
ORD-10503,2024-09-04,2024-09-08,Standard Class,Customer_57,Corporate,Central,Washington,Furniture,Tables,211.29,9.0,0.15,57.39,211.29,57.39,0.3264430932101134,0.6153846153846154,0.3,0.6191340106434446,0,1,True,False,False,False,False,False,False,True,2024-09-01,False
ORD-10504,2023-09-25,2023-10-01,Second Class,Customer_170,Corporate,Central,California,Office Supplies,Labels,108.89,11.0,0.1,5.66,108.89,5.66,0.1644004699869052,0.7692307692307693,0.2,0.3688679245283018,1,1,True,False,False,False,False,False,True,False,2023-09-01,False
ORD-10505,2024-07-30,2024-08-01,Standard Class,Customer_289,Consumer,South,Illinois,Office Supplies,Labels,48.66,8.0,0.0,16.24,48.66,16.24,0.0690896575188014,0.5384615384615384,0.0,0.4200532172230285,1,0,False,False,True,False,False,False,False,True,2024-07-01,False
ORD-10506,2024-02-21,2024-02-24,Standard Class,Customer_45,Corporate,East,Michigan,Office Supplies,Binders,122.5,8.0,0.3,6.94,122.5,6.94,0.1859375803586617,0.5384615384615384,0.6,0.3750604741170779,1,1,False,True,False,False,False,False,False,True,2024-02-01,False
ORD-10507,2023-06-17,2023-06-19,Standard Class,Customer_12,Consumer,West,California,Office Supplies,Binders,25.84,1.0,0.0,8.21,25.84,8.21,0.0329782057419107,0.0,0.0,0.3812046444121915,1,0,False,False,False,True,False,False,False,True,2023-06-01,False
ORD-10508,2023-02-12,2023-02-14,Second Class,Customer_231,Corporate,South,California,Office Supplies,Paper,10.41,5.0,0.3,1.86,10.41,1.86,0.0085610409339605,0.3076923076923077,0.6,0.3504837929366231,1,1,False,False,True,False,False,False,True,False,2023-02-01,False
ORD-10509,2024-07-09,2024-07-15,Same Day,Customer_1,Consumer,West,Illinois,Furniture,Bookcases,411.58,7.0,0.0,144.08,411.58,136.11499999999998,0.6433915014657421,0.4615384615384615,0.0,1.0,0,0,False,False,False,True,False,True,False,False,2024-07-01,True
ORD-10510,2023-10-12,2023-10-15,Second Class,Customer_111,Consumer,East,Texas,Furniture,Furnishings,473.69,6.0,0.0,202.61,473.69,136.11499999999998,0.7416773152195845,0.3846153846153846,0.0,1.0,0,0,False,True,False,False,False,False,True,False,2023-10-01,True
ORD-10511,2024-02-01,2024-02-06,Standard Class,Customer_220,Consumer,Central,Florida,Furniture,Chairs,616.22,5.0,0.1,18.525,616.22,18.525,0.9672235563133724,0.3076923076923077,0.2,0.4311078858248669,0,0,True,False,False,False,False,False,False,True,2024-02-01,False
ORD-10512,2023-01-12,2023-01-17,Standard Class,Customer_89,Consumer,South,Texas,Office Supplies,Art,129.42,8.0,0.4,-12.67,129.42,-12.67,0.1968881170061676,0.5384615384615384,0.8,0.280188679245283,1,0,False,False,True,False,False,False,False,True,2023-01-01,False
ORD-10513,2024-08-29,2024-08-31,First Class,Customer_52,Consumer,East,California,Technology,Copiers,363.87,3.0,0.0,77.37,363.87,77.37,0.5678929316026634,0.1538461538461538,0.0,0.715795839380745,2,0,False,True,False,False,True,False,False,False,2024-08-01,False
ORD-10514,2023-10-29,2023-11-01,First Class,Customer_7,Consumer,West,Georgia,Office Supplies,Storage,114.98,6.0,0.1,18.52,114.98,18.52,0.1740375752157074,0.3846153846153846,0.2,0.4310836961780357,1,0,False,False,False,True,True,False,False,False,2023-10-01,False
ORD-10515,2023-09-10,2023-09-13,Standard Class,Customer_4,Home Office,East,New York,Furniture,Chairs,1415.57,5.0,0.3,64.92,636.9324999999999,64.92,1.0,0.3076923076923077,0.6,0.655563618771166,0,2,False,True,False,False,False,False,False,True,2023-09-01,True
ORD-10516,2024-05-13,2024-05-19,Standard Class,Customer_38,Consumer,South,Georgia,Office Supplies,Art,94.85,8.0,0.1,25.68,94.85,25.68,0.1421829071934107,0.5384615384615384,0.2,0.4657232704402515,1,0,False,False,True,False,False,False,False,True,2024-05-01,False
ORD-10517,2023-02-04,2023-02-08,Standard Class,Customer_98,Consumer,Central,Illinois,Technology,Phones,195.87,4.0,0.0,58.4,195.87,58.4,0.3020417528770874,0.2307692307692307,0.0,0.6240203193033381,2,0,True,False,False,False,False,False,False,True,2023-02-01,False
ORD-10518,2024-12-27,2025-01-01,Standard Class,Customer_272,Corporate,West,California,Office Supplies,Art,49.08,8.0,0.1,15.52,49.08,15.52,0.0697542854656154,0.5384615384615384,0.2,0.416569908079342,1,1,False,False,False,True,False,False,False,True,2024-12-01,False
ORD-10519,2023-03-31,2023-04-06,Second Class,Customer_207,Corporate,Central,California,Technology,Machines,518.34,10.0,0.1,112.89,518.34,112.89,0.812333595755876,0.6923076923076923,0.2,0.8876390904692791,2,1,True,False,False,False,False,False,True,False,2023-03-01,False
ORD-10520,2024-08-27,2024-08-28,Standard Class,Customer_251,Consumer,Central,Washington,Office Supplies,Storage,66.22,14.0,0.3,6.66,66.22,6.66,0.0968774354855938,1.0,0.6,0.3737058538945331,1,0,True,False,False,False,False,False,False,True,2024-08-01,False
ORD-10521,2024-08-24,2024-08-29,Standard Class,Customer_19,Corporate,East,Florida,Furniture,Chairs,252.94,2.0,0.2,45.38,252.94,45.38,0.3923520312691625,0.0769230769230769,0.4,0.5610304789550074,0,1,False,True,False,False,False,False,False,True,2024-08-01,False
ORD-10522,2024-02-22,2024-02-28,Second Class,Customer_28,Corporate,East,Washington,Technology,Copiers,1042.65,9.0,0.1,415.76,636.9324999999999,136.11499999999998,1.0,0.6153846153846154,0.2,1.0,2,1,False,True,False,False,False,False,True,False,2024-02-01,True
ORD-10523,2023-04-25,2023-04-30,Standard Class,Customer_54,Consumer,South,Illinois,Office Supplies,Storage,9.99,13.0,0.5,-1.78,9.99,-1.78,0.0078964129871465,0.9230769230769232,1.0,0.3328737300435413,1,0,False,False,True,False,False,False,False,True,2023-04-01,False
ORD-10524,2024-09-08,2024-09-12,Standard Class,Customer_144,Consumer,South,Pennsylvania,Office Supplies,Binders,51.51,9.0,0.1,22.49,51.51,22.49,0.0735996328721817,0.6153846153846154,0.2,0.4502902757619738,1,0,False,False,True,False,False,False,False,True,2024-09-01,False
ORD-10525,2023-07-15,2023-07-16,Second Class,Customer_275,Home Office,Central,Texas,Office Supplies,Binders,67.68,14.0,0.0,20.47,67.68,20.47,0.0991878088245184,1.0,0.0,0.4405176584421867,1,2,True,False,False,False,False,False,True,False,2023-07-01,False
ORD-10526,2024-05-15,2024-05-19,Standard Class,Customer_81,Home Office,South,Washington,Technology,Copiers,206.34,10.0,0.0,50.1,206.34,50.1,0.3186099781226634,0.6923076923076923,0.0,0.5838655055636188,2,2,False,False,True,False,False,False,False,True,2024-05-01,False
ORD-10527,2024-09-17,2024-09-18,First Class,Customer_282,Corporate,Central,Illinois,Office Supplies,Labels,109.89,10.0,0.1,26.66,109.89,26.66,0.1659829174793194,0.6923076923076923,0.2,0.4704644412191582,1,1,True,False,False,False,True,False,False,False,2024-09-01,False
ORD-10528,2024-05-07,2024-05-09,First Class,Customer_76,Consumer,West,Texas,Office Supplies,Storage,63.46,13.0,0.0,38.66,63.46,38.66,0.0925098804065307,0.9230769230769232,0.0,0.5285195936139332,1,0,False,False,False,True,True,False,False,False,2024-05-01,False
ORD-10529,2023-03-16,2023-03-22,Standard Class,Customer_190,Consumer,Central,Illinois,Office Supplies,Art,57.11,6.0,0.4,3.52,57.11,3.52,0.0824613388297009,0.3846153846153846,0.8,0.358514755684567,1,0,True,False,False,False,False,False,False,True,2023-03-01,False
ORD-10530,2024-02-17,2024-02-18,Second Class,Customer_77,Corporate,South,Pennsylvania,Office Supplies,Storage,78.42,4.0,0.2,17.11,78.42,17.11,0.1161832948930463,0.2307692307692307,0.4,0.4242622157716497,1,1,False,False,True,False,False,False,True,False,2024-02-01,False
ORD-10531,2024-01-11,2024-01-15,First Class,Customer_80,Consumer,South,Florida,Office Supplies,Labels,57.58,4.0,0.0,23.81,57.58,23.81,0.0832050891511356,0.2307692307692307,0.0,0.4566763425253991,1,0,False,False,True,False,True,False,False,False,2024-01-01,False
ORD-10532,2024-02-24,2024-02-29,Standard Class,Customer_260,Consumer,Central,Florida,Technology,Phones,666.38,13.0,0.15,102.24,636.9324999999999,102.24,1.0,0.9230769230769232,0.3,0.8361151427189163,2,0,True,False,False,False,False,False,False,True,2024-02-01,True
ORD-10533,2024-12-29,2024-12-30,Standard Class,Customer_164,Corporate,East,Illinois,Technology,Phones,35.56,6.0,0.2,6.97,35.56,6.97,0.0483595953681762,0.3846153846153846,0.4,0.3752056119980648,2,1,False,True,False,False,False,False,False,True,2024-12-01,False
ORD-10534,2023-10-04,2023-10-10,First Class,Customer_208,Consumer,Central,Washington,Technology,Accessories,55.29,5.0,0.4,-0.54,55.29,-0.54,0.0795812843935072,0.3076923076923077,0.8,0.338872762457668,2,0,True,False,False,False,True,False,False,False,2023-10-01,False
ORD-10535,2024-11-06,2024-11-07,Standard Class,Customer_11,Corporate,Central,Florida,Furniture,Tables,560.99,6.0,0.3,126.07,560.99,126.07,0.8798249813073392,0.3846153846153846,0.6,0.951402999516207,0,1,True,False,False,False,False,False,False,True,2024-11-01,False
ORD-10536,2024-01-29,2024-02-01,Standard Class,Customer_287,Home Office,East,New York,Office Supplies,Art,49.96,7.0,0.1,12.55,49.96,12.55,0.0711468392589398,0.4615384615384615,0.2,0.4022012578616352,1,2,False,True,False,False,False,False,False,True,2024-01-01,False
ORD-10537,2024-04-01,2024-04-06,First Class,Customer_160,Consumer,West,Washington,Office Supplies,Labels,26.92,7.0,0.1,3.76,26.92,3.76,0.034687249033718,0.4615384615384615,0.2,0.3596758587324625,1,0,False,False,False,True,True,False,False,False,2024-04-01,False
ORD-10538,2023-07-11,2023-07-17,Second Class,Customer_294,Home Office,East,Michigan,Office Supplies,Art,62.91,9.0,0.15,7.66,62.91,7.66,0.091639534285703,0.6153846153846154,0.3,0.3785437832607644,1,2,False,True,False,False,False,False,True,False,2023-07-01,False
ORD-10539,2024-11-19,2024-11-25,Standard Class,Customer_85,Consumer,South,Ohio,Office Supplies,Art,48.83,8.0,0.15,11.05,48.83,11.05,0.0693586735925118,0.5384615384615384,0.3,0.3949443638122883,1,0,False,False,True,False,False,False,False,True,2024-11-01,False
ORD-10540,2023-04-09,2023-04-11,Standard Class,Customer_56,Home Office,East,Illinois,Technology,Accessories,96.76,13.0,0.0,69.21,96.76,69.21,0.1452053819039217,0.9230769230769232,0.0,0.6763183357522979,2,2,False,True,False,False,False,False,False,True,2023-04-01,False
ORD-10541,2024-07-01,2024-07-05,Standard Class,Customer_152,Consumer,South,Illinois,Office Supplies,Art,194.52,6.0,0.1,49.38,194.52,49.38,0.2999054487623283,0.3846153846153846,0.2,0.5803821964199323,1,0,False,False,True,False,False,False,False,True,2024-07-01,False
ORD-10542,2023-04-06,2023-04-08,Standard Class,Customer_219,Consumer,South,Illinois,Office Supplies,Paper,139.68,12.0,0.1,41.38,139.68,41.38,0.2131240282783367,0.8461538461538461,0.2,0.5416787614900823,1,0,False,False,True,False,False,False,False,True,2023-04-01,False
ORD-10543,2024-10-25,2024-10-31,Standard Class,Customer_240,Corporate,Central,Pennsylvania,Furniture,Furnishings,178.69,6.0,0.0,65.88,178.69,65.88,0.2748553049574124,0.3846153846153846,0.0,0.6602080309627478,0,1,True,False,False,False,False,False,False,True,2024-10-01,False
ORD-10544,2024-10-24,2024-10-29,Second Class,Customer_113,Consumer,Central,Illinois,Office Supplies,Binders,31.02,14.0,0.0,13.37,31.02,13.37,0.0411752837526159,1.0,0.0,0.4061683599419448,1,0,True,False,False,False,False,False,True,False,2024-10-01,False
ORD-10545,2023-07-09,2023-07-10,Standard Class,Customer_238,Home Office,West,Florida,Office Supplies,Labels,25.81,5.0,0.2,6.89,25.81,6.89,0.0329307323171383,0.3076923076923077,0.4,0.3748185776487663,1,2,False,False,False,True,False,False,False,True,2023-07-01,False
ORD-10546,2023-02-06,2023-02-07,Standard Class,Customer_210,Consumer,South,Florida,Technology,Copiers,269.93,1.0,0.0,96.51,269.93,96.51,0.4192378141652788,0.0,0.0,0.8083938074504112,2,0,False,False,True,False,False,False,False,True,2023-02-01,False
ORD-10547,2024-01-04,2024-01-09,Standard Class,Customer_295,Consumer,Central,Ohio,Furniture,Furnishings,489.75,9.0,0.15,64.69,489.75,64.69,0.7670914219477556,0.6153846153846154,0.3,0.6544508950169327,0,0,True,False,False,False,False,False,False,True,2024-01-01,False
ORD-10548,2024-11-25,2024-12-01,Same Day,Customer_274,Consumer,South,Ohio,Furniture,Furnishings,316.88,9.0,0.1,61.33,316.88,61.33,0.4935337239341228,0.6153846153846154,0.2,0.6381954523463957,0,0,False,False,True,False,False,True,False,False,2024-11-01,False
ORD-10549,2024-06-08,2024-06-09,Standard Class,Customer_199,Consumer,West,Georgia,Office Supplies,Paper,35.5,9.0,0.1,4.65,35.5,4.65,0.0482646485186313,0.6153846153846154,0.2,0.3639816158684083,1,0,False,False,False,True,False,False,False,True,2024-06-01,False
ORD-10550,2023-10-06,2023-10-07,Standard Class,Customer_198,Consumer,South,Washington,Furniture,Bookcases,265.11,11.0,0.1,72.44,265.11,72.44,0.4116104172518426,0.7692307692307693,0.2,0.6919448476052249,0,0,False,False,True,False,False,False,False,True,2023-10-01,False
ORD-10551,2023-08-05,2023-08-06,Standard Class,Customer_164,Corporate,West,Florida,Furniture,Bookcases,208.94,8.0,0.0,102.32,208.94,102.32,0.3227243416029402,0.5384615384615384,0.0,0.8365021770682147,0,1,False,False,False,True,False,False,False,True,2023-08-01,False
ORD-10552,2023-09-30,2023-10-04,Second Class,Customer_66,Corporate,West,Florida,Furniture,Furnishings,137.93,13.0,0.15,35.16,137.93,35.16,0.2103547451666119,0.9230769230769232,0.3,0.5115868408321238,0,1,False,False,False,True,False,False,True,False,2023-09-01,False
ORD-10553,2023-03-03,2023-03-07,Second Class,Customer_42,Home Office,West,Pennsylvania,Furniture,Furnishings,115.62,10.0,0.3,16.22,115.62,16.22,0.1750503416108524,0.6923076923076923,0.6,0.4199564586357039,0,2,False,False,False,True,False,False,True,False,2023-03-01,False
ORD-10554,2024-08-18,2024-08-21,Standard Class,Customer_137,Home Office,Central,Florida,Furniture,Tables,108.08,13.0,0.5,-2.69,108.08,-2.69,0.1631186875180498,0.9230769230769232,1.0,0.3284712143202709,0,2,True,False,False,False,False,False,False,True,2024-08-01,False
ORD-10555,2024-12-29,2024-12-31,Standard Class,Customer_162,Consumer,East,Florida,Office Supplies,Binders,62.0,3.0,0.1,10.05,62.0,10.05,0.0901995070676061,0.1538461538461538,0.2,0.3901064344460571,1,0,False,True,False,False,False,False,False,True,2024-12-01,False
ORD-10556,2023-12-08,2023-12-13,Standard Class,Customer_28,Corporate,East,Georgia,Office Supplies,Binders,103.44,1.0,0.0,38.74,103.44,38.74,0.1557761311532482,0.0,0.0,0.5289066279632317,1,1,False,True,False,False,False,False,False,True,2023-12-01,False
ORD-10557,2024-02-01,2024-02-06,Standard Class,Customer_296,Consumer,Central,New York,Technology,Machines,425.79,11.0,0.3,-8.07,425.79,-8.07,0.6658780803329472,0.7692307692307693,0.6,0.3024431543299468,2,0,True,False,False,False,False,False,False,True,2024-02-01,False
ORD-10558,2024-11-29,2024-12-04,Standard Class,Customer_175,Corporate,South,Georgia,Office Supplies,Paper,5.73,12.0,0.0,1.88,5.73,1.88,0.0011551866694623,0.8461538461538461,0.0,0.3505805515239477,1,1,False,False,True,False,False,False,False,True,2024-11-01,False
ORD-10559,2023-01-19,2023-01-22,Standard Class,Customer_151,Consumer,Central,New York,Office Supplies,Art,60.78,12.0,0.15,16.18,60.78,16.18,0.0882689211268608,0.8461538461538461,0.3,0.4197629414610546,1,0,True,False,False,False,False,False,False,True,2023-01-01,False
ORD-10560,2023-06-26,2023-06-30,Standard Class,Customer_174,Home Office,South,Georgia,Furniture,Bookcases,172.25,8.0,0.1,30.66,172.25,30.66,0.2646643431062653,0.5384615384615384,0.2,0.4898161586840832,0,2,False,False,True,False,False,False,False,True,2023-06-01,False
ORD-10561,2024-09-03,2024-09-09,Standard Class,Customer_77,Corporate,West,Florida,Office Supplies,Paper,20.23,7.0,0.0,7.98,20.23,7.98,0.0241006753094673,0.4615384615384615,0.0,0.3800919206579584,1,1,False,False,False,True,False,False,False,True,2024-09-01,False
ORD-10562,2024-01-31,2024-02-06,Standard Class,Customer_99,Home Office,Central,Georgia,Office Supplies,Binders,13.14,13.0,0.0,3.02,13.14,3.02,0.0128811225882511,0.9230769230769232,0.0,0.3560957910014513,1,2,True,False,False,False,False,False,False,True,2024-01-01,False
ORD-10563,2024-03-20,2024-03-23,Second Class,Customer_37,Home Office,East,Florida,Furniture,Tables,96.76,5.0,0.0,51.96,96.76,51.96,0.1452053819039217,0.3076923076923077,0.0,0.5928640541848089,0,2,False,True,False,False,False,False,True,False,2024-03-01,False
ORD-10564,2023-08-21,2023-08-27,Standard Class,Customer_264,Home Office,South,Florida,Office Supplies,Binders,96.76,10.0,0.15,3.36,96.76,3.36,0.1452053819039217,0.6923076923076923,0.3,0.35774068698597,1,2,False,False,True,False,False,False,False,True,2023-08-01,False
ORD-10565,2023-03-17,2023-03-22,Standard Class,Customer_64,Home Office,Central,Ohio,Office Supplies,Paper,9.86,7.0,0.4,-0.91,9.86,-0.91,0.0076906948131327,0.4615384615384615,0.8,0.3370827285921625,1,2,True,False,False,False,False,False,False,True,2023-03-01,False
ORD-10566,2023-09-22,2023-09-24,Standard Class,Customer_262,Consumer,Central,California,Office Supplies,Storage,20.79,10.0,0.0,4.89,20.79,4.89,0.0249868459052193,0.6923076923076923,0.0,0.3651427189163038,1,0,True,False,False,False,False,False,False,True,2023-09-01,False
ORD-10567,2024-03-30,2024-03-31,Same Day,Customer_156,Consumer,South,New York,Furniture,Chairs,428.11,4.0,0.2,52.94,428.11,52.94,0.6695493585153479,0.2307692307692307,0.4,0.5976052249637155,0,0,False,False,True,False,False,True,False,False,2024-03-01,False
ORD-10568,2024-12-18,2024-12-22,First Class,Customer_26,Consumer,West,Michigan,Office Supplies,Storage,117.86,9.0,0.0,23.26,117.86,23.26,0.1785950239938601,0.6153846153846154,0.0,0.4540154813739719,1,0,False,False,False,True,True,False,False,False,2024-12-01,False
ORD-10569,2024-01-19,2024-01-23,Standard Class,Customer_106,Consumer,West,Washington,Office Supplies,Storage,6.3,11.0,0.1,1.36,6.3,1.36,0.0020571817401383,0.7692307692307693,0.2,0.3480648282535075,1,0,False,False,False,True,False,False,False,True,2024-01-01,False
ORD-10570,2024-07-17,2024-07-20,Standard Class,Customer_81,Corporate,West,Washington,Furniture,Chairs,535.76,10.0,0.0,18.525,535.76,18.525,0.8398998310737303,0.6923076923076923,0.0,0.4311078858248669,0,1,False,False,False,True,False,False,False,True,2024-07-01,False
ORD-10571,2024-05-20,2024-05-24,Standard Class,Customer_81,Consumer,West,Georgia,Office Supplies,Labels,43.44,14.0,0.4,-1.09,43.44,-1.09,0.0608292816083996,1.0,0.8,0.3362119013062409,1,0,False,False,False,True,False,False,False,True,2024-05-01,False
ORD-10572,2024-01-02,2024-01-07,Standard Class,Customer_145,Corporate,South,California,Office Supplies,Art,13.73,2.0,0.2,1.04,13.73,1.04,0.0138147666087754,0.0769230769230769,0.4,0.3465166908563135,1,1,False,False,True,False,False,False,False,True,2024-01-01,False
ORD-10573,2023-05-24,2023-05-30,Standard Class,Customer_233,Home Office,East,Pennsylvania,Technology,Machines,264.42,9.0,0.15,61.64,264.42,61.64,0.4105185284820769,0.6153846153846154,0.3,0.6396952104499274,2,2,False,True,False,False,False,False,False,True,2023-05-01,False
ORD-10574,2023-03-10,2023-03-15,Second Class,Customer_1,Home Office,Central,Michigan,Furniture,Bookcases,411.57,9.0,0.3,37.47,411.57,37.47,0.643375676990818,0.6153846153846154,0.6,0.522762457668118,0,2,True,False,False,False,False,False,True,False,2023-03-01,False
ORD-10575,2023-04-09,2023-04-12,Standard Class,Customer_234,Consumer,Central,Washington,Technology,Copiers,382.64,5.0,0.15,142.16,382.64,136.11499999999998,0.5975954710352768,0.3076923076923077,0.3,1.0,2,0,True,False,False,False,False,False,False,True,2023-04-01,True
ORD-10576,2024-01-31,2024-02-05,Standard Class,Customer_236,Consumer,West,Texas,Office Supplies,Storage,8.41,11.0,0.4,0.45,8.41,0.45,0.0053961459491322,0.7692307692307693,0.8,0.343662312530237,1,0,False,False,False,True,False,False,False,True,2024-01-01,False
ORD-10577,2023-01-25,2023-01-31,Standard Class,Customer_204,Consumer,South,Illinois,Office Supplies,Storage,47.82,1.0,0.2,9.3,47.82,9.3,0.0677604016251735,0.0,0.4,0.3864779874213836,1,0,False,False,True,False,False,False,False,True,2023-01-01,False
ORD-10578,2024-04-13,2024-04-15,First Class,Customer_252,Consumer,East,Texas,Furniture,Chairs,490.79,7.0,0.4,30.63,490.79,30.63,0.7687371673398664,0.4615384615384615,0.8,0.4896710208030962,0,0,False,True,False,False,True,False,False,False,2024-04-01,False
ORD-10579,2024-04-28,2024-05-01,First Class,Customer_221,Corporate,East,Pennsylvania,Office Supplies,Binders,75.09,10.0,0.1,18.72,75.09,18.72,0.1109137447433072,0.6923076923076923,0.2,0.432051282051282,1,1,False,True,False,False,True,False,False,False,2024-04-01,False
ORD-10580,2024-07-18,2024-07-20,Standard Class,Customer_0,Corporate,Central,Michigan,Office Supplies,Art,36.43,10.0,0.0,12.53,36.43,12.53,0.0497363246865765,0.6923076923076923,0.0,0.4021044992743106,1,1,True,False,False,False,False,False,False,True,2024-07-01,False
ORD-10581,2023-05-31,2023-06-01,Standard Class,Customer_29,Corporate,West,Washington,Office Supplies,Art,49.42,4.0,0.1,19.41,49.42,19.41,0.0702923176130362,0.2307692307692307,0.2,0.4353894533139816,1,1,False,False,False,True,False,False,False,True,2023-05-01,False
ORD-10582,2023-05-24,2023-05-26,Standard Class,Customer_220,Home Office,Central,Georgia,Furniture,Chairs,222.37,9.0,0.0,48.73,222.37,48.73,0.3439766114260622,0.6153846153846154,0.0,0.577237542331882,0,2,True,False,False,False,False,False,False,True,2023-05-01,False
ORD-10583,2024-07-22,2024-07-23,Standard Class,Customer_75,Corporate,Central,Illinois,Technology,Machines,539.46,6.0,0.15,157.76,539.46,136.11499999999998,0.8457548867956627,0.3846153846153846,0.3,1.0,2,1,True,False,False,False,False,False,False,True,2024-07-01,True
ORD-10584,2023-02-08,2023-02-09,Standard Class,Customer_23,Consumer,East,New York,Office Supplies,Binders,75.15,13.0,0.1,18.87,75.15,18.87,0.1110086915928521,0.9230769230769232,0.2,0.4327769714562167,1,0,False,True,False,False,False,False,False,True,2023-02-01,False
ORD-10585,2023-04-19,2023-04-21,Standard Class,Customer_239,Corporate,Central,Washington,Office Supplies,Paper,5.0,3.0,0.1,0.96,5.0,0.96,0.0,0.1538461538461538,0.2,0.3461296565070149,1,1,True,False,False,False,False,False,False,True,2023-04-01,False
ORD-10586,2024-11-23,2024-11-26,Standard Class,Customer_198,Consumer,East,Washington,Office Supplies,Paper,84.57,6.0,0.0,25.86,84.57,25.86,0.1259153469713933,0.3846153846153846,0.0,0.4665940977261732,1,0,False,True,False,False,False,False,False,True,2024-11-01,False
ORD-10587,2023-02-11,2023-02-17,Same Day,Customer_293,Consumer,Central,Pennsylvania,Furniture,Chairs,400.31,13.0,0.1,145.03,400.31,136.11499999999998,0.6255573182262347,0.9230769230769232,0.2,1.0,0,0,True,False,False,False,False,True,False,False,2023-02-01,True
ORD-10588,2023-07-05,2023-07-10,Standard Class,Customer_173,Consumer,West,Washington,Office Supplies,Paper,29.21,10.0,0.1,7.49,29.21,7.49,0.0383110537913463,0.6923076923076923,0.2,0.377721335268505,1,0,False,False,False,True,False,False,False,True,2023-07-01,False
ORD-10589,2024-02-02,2024-02-07,Same Day,Customer_197,Consumer,West,Michigan,Office Supplies,Labels,101.46,6.0,0.4,-4.38,101.46,-4.38,0.1526428851182681,0.3846153846153846,0.8,0.3202951136913401,1,0,False,False,False,True,False,True,False,False,2024-02-01,False
ORD-10590,2023-08-11,2023-08-17,Standard Class,Customer_242,Consumer,South,California,Furniture,Furnishings,222.6,5.0,0.1,45.36,222.6,45.36,0.3443405743493174,0.3076923076923077,0.2,0.5609337203676826,0,0,False,False,True,False,False,False,False,True,2023-08-01,False
ORD-10591,2024-09-25,2024-09-26,First Class,Customer_288,Consumer,South,Michigan,Office Supplies,Art,24.28,2.0,0.1,2.61,24.28,2.61,0.0305095876537446,0.0769230769230769,0.2,0.3541122399612965,1,0,False,False,True,False,True,False,False,False,2024-09-01,False
ORD-10592,2023-05-13,2023-05-14,Standard Class,Customer_159,Corporate,South,New York,Technology,Phones,221.85,10.0,0.2,24.87,221.85,24.87,0.3431537387300068,0.6923076923076923,0.4,0.4618045476536043,2,1,False,False,True,False,False,False,False,True,2023-05-01,False
ORD-10593,2023-06-12,2023-06-15,Standard Class,Customer_20,Corporate,Central,California,Office Supplies,Storage,51.89,10.0,0.15,9.03,51.89,9.03,0.0742009629192991,0.6923076923076923,0.3,0.3851717464925012,1,1,True,False,False,False,False,False,False,True,2023-06-01,False
ORD-10594,2023-08-03,2023-08-07,First Class,Customer_30,Consumer,Central,Washington,Office Supplies,Binders,35.14,2.0,0.0,12.72,35.14,12.72,0.0476949674213622,0.0769230769230769,0.0,0.4030237058538945,1,0,True,False,False,False,True,False,False,False,2023-08-01,False
ORD-10595,2023-08-23,2023-08-25,Standard Class,Customer_21,Consumer,Central,Washington,Technology,Accessories,216.6,7.0,0.1,90.33,216.6,90.33,0.3348458893948325,0.4615384615384615,0.2,0.778495403967102,2,0,True,False,False,False,False,False,False,True,2023-08-01,False
ORD-10596,2024-10-19,2024-10-20,Second Class,Customer_265,Home Office,West,Illinois,Furniture,Tables,145.95,2.0,0.0,43.89,145.95,43.89,0.2230459740557734,0.0769230769230769,0.0,0.5538219641993227,0,2,False,False,False,True,False,False,True,False,2024-10-01,False
ORD-10597,2024-08-10,2024-08-15,Second Class,Customer_103,Consumer,West,Washington,Office Supplies,Storage,77.46,12.0,0.4,-7.12,77.46,-7.12,0.1146641453003287,0.8461538461538461,0.8,0.3070391872278665,1,0,False,False,False,True,False,False,True,False,2024-08-01,False
ORD-10598,2023-01-09,2023-01-12,Standard Class,Customer_252,Home Office,West,Florida,Technology,Accessories,548.85,6.0,0.0,160.73,548.85,136.11499999999998,0.8606140687494315,0.3846153846153846,0.0,1.0,2,2,False,False,False,True,False,False,False,True,2023-01-01,True
ORD-10599,2023-03-15,2023-03-17,Standard Class,Customer_258,Corporate,Central,New York,Furniture,Bookcases,35.07,5.0,0.1,9.55,35.07,9.55,0.0475841960968932,0.3076923076923077,0.2,0.3876874697629414,0,1,True,False,False,False,False,False,False,True,2023-03-01,False
ORD-10600,2024-05-06,2024-05-09,Second Class,Customer_165,Consumer,East,Ohio,Office Supplies,Labels,31.17,4.0,0.0,12.38,31.17,12.38,0.0414126508764781,0.2307692307692307,0.0,0.4013788098693758,1,0,False,True,False,False,False,False,True,False,2024-05-01,False
ORD-10601,2023-09-10,2023-09-12,Standard Class,Customer_40,Consumer,West,Georgia,Office Supplies,Paper,83.02,7.0,0.0,33.9,83.02,33.9,0.1234625533581514,0.4615384615384615,0.0,0.5054910498306724,1,0,False,False,False,True,False,False,False,True,2023-09-01,False
ORD-10602,2023-08-18,2023-08-20,Second Class,Customer_149,Consumer,West,Illinois,Office Supplies,Labels,47.0,8.0,0.2,18.525,47.0,18.525,0.0664627946813939,0.5384615384615384,0.4,0.4311078858248669,1,0,False,False,False,True,False,False,True,False,2023-08-01,False
ORD-10603,2024-06-02,2024-06-08,First Class,Customer_67,Consumer,West,Texas,Office Supplies,Labels,96.76,4.0,0.0,37.19,96.76,37.19,0.1452053819039217,0.2307692307692307,0.0,0.5214078374455733,1,0,False,False,False,True,True,False,False,False,2024-06-01,False
ORD-10604,2023-06-23,2023-06-24,Standard Class,Customer_94,Consumer,South,California,Technology,Accessories,801.68,1.0,0.0,262.7,636.9324999999999,136.11499999999998,1.0,0.0,0.0,1.0,2,0,False,False,True,False,False,False,False,True,2023-06-01,True
ORD-10605,2024-10-14,2024-10-17,Standard Class,Customer_86,Corporate,Central,Ohio,Technology,Accessories,796.56,1.0,0.1,18.525,636.9324999999999,18.525,1.0,0.0,0.2,0.4311078858248669,2,1,True,False,False,False,False,False,False,True,2024-10-01,True
ORD-10606,2023-06-17,2023-06-20,Standard Class,Customer_173,Consumer,South,Georgia,Furniture,Tables,553.39,1.0,0.0,177.98,553.39,136.11499999999998,0.8677983803649917,0.0,0.0,1.0,0,0,False,False,True,False,False,False,False,True,2023-06-01,True
ORD-10607,2023-06-19,2023-06-25,Standard Class,Customer_249,Corporate,South,Washington,Technology,Accessories,303.79,11.0,0.0,108.98,303.79,108.98,0.4728194862584217,0.7692307692307693,0.0,0.868722786647315,2,1,False,False,True,False,False,False,False,True,2023-06-01,False
ORD-10608,2024-01-28,2024-02-02,Standard Class,Customer_72,Corporate,East,Michigan,Office Supplies,Paper,32.99,1.0,0.2,9.03,32.99,9.03,0.0442927053126718,0.0,0.4,0.3851717464925012,1,1,False,True,False,False,False,False,False,True,2024-01-01,False
ORD-10609,2024-09-25,2024-09-30,Standard Class,Customer_153,Consumer,South,Florida,Office Supplies,Paper,44.09,5.0,0.2,9.49,44.09,9.49,0.0618578724784688,0.3076923076923077,0.4,0.3873971940009675,1,0,False,False,True,False,False,False,False,True,2024-09-01,False
ORD-10610,2023-07-13,2023-07-14,Standard Class,Customer_159,Consumer,East,California,Office Supplies,Labels,35.48,4.0,0.3,-3.52,35.48,-3.52,0.048232999568783,0.2307692307692307,0.6,0.324455732946299,1,0,False,True,False,False,False,False,False,True,2023-07-01,False
ORD-10611,2024-05-31,2024-06-01,Standard Class,Customer_255,Consumer,South,California,Office Supplies,Storage,96.72,13.0,0.3,7.78,96.72,7.78,0.1451420840042251,0.9230769230769232,0.6,0.3791243347847121,1,0,False,False,True,False,False,False,False,True,2024-05-01,False
ORD-10612,2023-01-29,2023-02-02,Standard Class,Customer_150,Consumer,West,California,Office Supplies,Labels,73.41,14.0,0.15,20.85,73.41,20.85,0.1082552329560515,1.0,0.3,0.4423560716013546,1,0,False,False,False,True,False,False,False,True,2023-01-01,False
ORD-10613,2023-06-14,2023-06-20,First Class,Customer_299,Corporate,Central,New York,Technology,Copiers,391.79,9.0,0.0,95.02,391.79,95.02,0.6120748655908662,0.6153846153846154,0.0,0.8011852926947266,2,1,True,False,False,False,True,False,False,False,2023-06-01,False
ORD-10614,2024-02-26,2024-03-02,Standard Class,Customer_61,Consumer,South,California,Office Supplies,Art,15.33,3.0,0.2,3.53,15.33,3.53,0.016346682596638,0.1538461538461538,0.4,0.3585631349782293,1,0,False,False,True,False,False,False,False,True,2024-02-01,False
ORD-10615,2023-12-05,2023-12-07,Standard Class,Customer_280,Corporate,East,Illinois,Office Supplies,Labels,72.34,14.0,0.3,8.04,72.34,8.04,0.1065620141391683,1.0,0.6,0.3803821964199323,1,1,False,True,False,False,False,False,False,True,2023-12-01,False
ORD-10616,2024-10-09,2024-10-12,Same Day,Customer_5,Consumer,Central,Georgia,Furniture,Bookcases,623.23,7.0,0.2,164.98,623.23,136.11499999999998,0.9783165132351954,0.4615384615384615,0.4,1.0,0,0,True,False,False,False,False,True,False,False,2024-10-01,True
ORD-10617,2024-05-10,2024-05-11,Second Class,Customer_149,Consumer,East,Michigan,Technology,Copiers,213.01,11.0,0.1,43.59,213.01,43.59,0.3291649028970658,0.7692307692307693,0.2,0.5523705853894534,2,0,False,True,False,False,False,False,True,False,2024-05-01,False
ORD-10618,2023-12-31,2024-01-03,Standard Class,Customer_73,Corporate,West,Illinois,Technology,Phones,742.43,7.0,0.0,319.0,636.9324999999999,136.11499999999998,1.0,0.4615384615384615,0.0,1.0,2,1,False,False,False,True,False,False,False,True,2023-12-01,True
ORD-10619,2023-12-08,2023-12-11,Standard Class,Customer_200,Corporate,South,Illinois,Technology,Phones,512.41,6.0,0.3,47.54,512.41,47.54,0.80294968212586,0.3846153846153846,0.6,0.5714804063860668,2,1,False,False,True,False,False,False,False,True,2023-12-01,False
ORD-10620,2024-05-14,2024-05-18,First Class,Customer_298,Consumer,Central,Florida,Furniture,Furnishings,1184.99,12.0,0.2,368.87,636.9324999999999,136.11499999999998,1.0,0.8461538461538461,0.4,1.0,0,0,True,False,False,False,True,False,False,False,2024-05-01,True
ORD-10621,2024-10-18,2024-10-23,Standard Class,Customer_68,Consumer,West,Michigan,Furniture,Bookcases,253.11,13.0,0.5,31.1,253.11,31.1,0.3926210473428729,0.9230769230769232,1.0,0.491944847605225,0,0,False,False,False,True,False,False,False,True,2024-10-01,False
ORD-10622,2024-05-25,2024-05-26,Standard Class,Customer_265,Corporate,South,Florida,Office Supplies,Labels,30.05,10.0,0.1,14.21,30.05,14.21,0.0396403096849742,0.6923076923076923,0.2,0.410232220609579,1,1,False,False,True,False,False,False,False,True,2024-05-01,False
ORD-10623,2023-11-23,2023-11-26,Standard Class,Customer_256,Consumer,South,California,Furniture,Tables,520.82,13.0,0.0,202.31,520.82,136.11499999999998,0.8162580655370631,0.9230769230769232,0.0,1.0,0,0,False,False,True,False,False,False,False,True,2023-11-01,True
ORD-10624,2023-08-05,2023-08-06,Standard Class,Customer_136,Consumer,East,California,Office Supplies,Storage,25.96,1.0,0.0,13.91,25.96,13.91,0.0331680994410004,0.0,0.0,0.4087808417997097,1,0,False,True,False,False,False,False,False,True,2023-08-01,False
ORD-10625,2023-10-28,2023-10-30,Standard Class,Customer_202,Corporate,East,Illinois,Technology,Machines,386.3,8.0,0.2,84.32,386.3,84.32,0.6033872288575126,0.5384615384615384,0.4,0.7494194484760521,2,1,False,True,False,False,False,False,False,True,2023-10-01,False
ORD-10626,2023-05-12,2023-05-16,Standard Class,Customer_88,Consumer,West,Illinois,Office Supplies,Art,62.82,10.0,0.0,17.42,62.82,17.42,0.0914971140113857,0.6923076923076923,0.0,0.4257619738751814,1,0,False,False,False,True,False,False,False,True,2023-05-01,False
ORD-10627,2023-03-11,2023-03-13,Second Class,Customer_275,Corporate,East,California,Furniture,Furnishings,507.16,3.0,0.0,175.91,507.16,136.11499999999998,0.7946418327906859,0.1538461538461538,0.0,1.0,0,1,False,True,False,False,False,False,True,False,2023-03-01,True
ORD-10628,2023-09-09,2023-09-10,Second Class,Customer_270,Corporate,West,Pennsylvania,Office Supplies,Binders,108.34,8.0,0.5,-4.23,108.34,-4.23,0.1635301238660775,0.5384615384615384,1.0,0.3210208030962748,1,1,False,False,False,True,False,False,True,False,2023-09-01,False
ORD-10629,2024-02-19,2024-02-20,Second Class,Customer_15,Corporate,West,Georgia,Furniture,Furnishings,1001.64,12.0,0.0,416.76,636.9324999999999,136.11499999999998,1.0,0.8461538461538461,0.0,1.0,0,1,False,False,False,True,False,False,True,False,2024-02-01,True
ORD-10630,2024-03-20,2024-03-25,Standard Class,Customer_13,Corporate,West,New York,Furniture,Furnishings,49.41,4.0,0.3,-0.5,49.41,-0.5,0.070276493138112,0.2307692307692307,0.6,0.3390662796323173,0,1,False,False,False,True,False,False,False,True,2024-03-01,False
ORD-10631,2023-07-01,2023-07-04,Second Class,Customer_113,Corporate,East,Ohio,Office Supplies,Storage,164.16,8.0,0.1,28.32,164.16,28.32,0.2518623428926349,0.5384615384615384,0.2,0.4784954039671021,1,1,False,True,False,False,False,False,True,False,2023-07-01,False
ORD-10632,2023-06-16,2023-06-19,Standard Class,Customer_67,Corporate,Central,Washington,Office Supplies,Art,13.69,11.0,0.3,0.72,13.69,0.72,0.0137514687090788,0.7692307692307693,0.6,0.3449685534591195,1,1,True,False,False,False,False,False,False,True,2023-06-01,False
ORD-10633,2023-04-01,2023-04-03,Standard Class,Customer_4,Home Office,West,Texas,Technology,Copiers,152.56,1.0,0.15,39.32,152.56,39.32,0.2335059519806309,0.0,0.3,0.5317126269956459,2,2,False,False,False,True,False,False,False,True,2023-04-01,False
ORD-10634,2024-12-14,2024-12-18,Same Day,Customer_243,Consumer,Central,Michigan,Technology,Copiers,598.11,3.0,0.3,79.55,598.11,79.55,0.9385654322257522,0.1538461538461538,0.6,0.7263425253991291,2,0,True,False,False,False,False,True,False,False,2024-12-01,False
ORD-10635,2024-06-14,2024-06-20,Standard Class,Customer_181,Consumer,South,Florida,Office Supplies,Storage,55.3,6.0,0.1,0.07,55.3,0.07,0.0795971088684313,0.3846153846153846,0.2,0.3418238993710691,1,0,False,False,True,False,False,False,False,True,2024-06-01,False
ORD-10636,2023-02-08,2023-02-11,Standard Class,Customer_11,Corporate,East,Michigan,Office Supplies,Paper,18.22,9.0,0.0,5.16,18.22,5.16,0.0209199558497149,0.6153846153846154,0.0,0.3664489598451862,1,1,False,True,False,False,False,False,False,True,2023-02-01,False
ORD-10637,2023-05-06,2023-05-11,First Class,Customer_132,Corporate,East,California,Technology,Accessories,567.21,2.0,0.0,277.34,567.21,136.11499999999998,0.8896678047101552,0.0769230769230769,0.0,1.0,2,1,False,True,False,False,True,False,False,False,2023-05-01,True
ORD-10638,2024-03-26,2024-03-28,Standard Class,Customer_57,Consumer,Central,Ohio,Office Supplies,Binders,43.22,11.0,0.0,11.42,43.22,11.42,0.0604811431600685,0.7692307692307693,0.0,0.3967343976777939,1,0,True,False,False,False,False,False,False,True,2024-03-01,False
ORD-10639,2023-06-22,2023-06-24,Second Class,Customer_5,Home Office,South,Texas,Furniture,Furnishings,53.69,1.0,0.1,17.14,53.69,17.14,0.0770493684056446,0.0,0.2,0.4244073536526366,0,2,False,False,True,False,False,False,True,False,2023-06-01,False
ORD-10640,2024-10-14,2024-10-20,Standard Class,Customer_243,Consumer,South,Illinois,Technology,Machines,834.88,10.0,0.3,116.14,636.9324999999999,116.14,1.0,0.6923076923076923,0.6,0.9033623609095308,2,0,False,False,True,False,False,False,False,True,2024-10-01,True
ORD-10641,2023-08-08,2023-08-13,Standard Class,Customer_18,Corporate,West,Illinois,Furniture,Chairs,142.88,3.0,0.1,51.78,142.88,51.78,0.2181878602540619,0.1538461538461538,0.2,0.5919932268988873,0,1,False,False,False,True,False,False,False,True,2023-08-01,False
ORD-10642,2024-09-29,2024-10-03,Standard Class,Customer_268,Corporate,East,Florida,Office Supplies,Binders,18.39,4.0,0.15,3.3,18.39,3.3,0.0211889719234253,0.2307692307692307,0.3,0.3574504112239961,1,1,False,True,False,False,False,False,False,True,2024-09-01,False
ORD-10643,2023-02-27,2023-03-04,Standard Class,Customer_176,Home Office,South,Georgia,Office Supplies,Paper,51.53,11.0,0.0,17.45,51.53,17.45,0.07363128182203,0.7692307692307693,0.0,0.4259071117561683,1,2,False,False,True,False,False,False,False,True,2023-02-01,False
ORD-10644,2024-10-21,2024-10-25,Standard Class,Customer_238,Consumer,South,Washington,Office Supplies,Storage,21.97,5.0,0.2,3.83,21.97,3.83,0.0268541339462679,0.3076923076923077,0.4,0.3600145137880987,1,0,False,False,True,False,False,False,False,True,2024-10-01,False
ORD-10645,2024-04-20,2024-04-25,Second Class,Customer_240,Corporate,West,Georgia,Office Supplies,Paper,75.37,3.0,0.4,-3.63,75.37,-3.63,0.1113568300411832,0.1538461538461538,0.8,0.3239235607160136,1,1,False,False,False,True,False,False,True,False,2024-04-01,False
ORD-10646,2024-03-31,2024-04-05,Standard Class,Customer_260,Consumer,West,Ohio,Technology,Accessories,319.38,13.0,0.0,117.54,319.38,117.54,0.4974898426651581,0.9230769230769232,0.0,0.9101354620222544,2,0,False,False,False,True,False,False,False,True,2024-03-01,False
ORD-10647,2023-12-27,2023-12-28,Same Day,Customer_19,Consumer,Central,Georgia,Furniture,Tables,370.07,10.0,0.1,142.97,370.07,136.11499999999998,0.577704106055631,0.6923076923076923,0.2,1.0,0,0,True,False,False,False,False,True,False,False,2023-12-01,True
ORD-10648,2023-01-01,2023-01-03,Standard Class,Customer_9,Consumer,East,Florida,Office Supplies,Art,28.24,11.0,0.0,6.95,28.24,6.95,0.0367760797237046,0.7692307692307693,0.0,0.3751088534107402,1,0,False,True,False,False,False,False,False,True,2023-01-01,False
ORD-10649,2024-01-22,2024-01-27,Standard Class,Customer_44,Corporate,South,Texas,Office Supplies,Art,54.5,2.0,0.15,8.85,54.5,8.85,0.0783311508745,0.0769230769230769,0.3,0.3843009192065795,1,1,False,False,True,False,False,False,False,True,2024-01-01,False
ORD-10650,2023-12-14,2023-12-20,Second Class,Customer_57,Consumer,Central,Texas,Office Supplies,Storage,22.86,2.0,0.1,4.54,22.86,4.54,0.0282625122145165,0.0769230769230769,0.2,0.3634494436381229,1,0,True,False,False,False,False,False,True,False,2023-12-01,False
ORD-10651,2023-07-09,2023-07-14,First Class,Customer_229,Consumer,East,Texas,Furniture,Chairs,223.57,7.0,0.0,76.56,223.57,76.56,0.3458755484169591,0.4615384615384615,0.0,0.7118771165940977,0,0,False,True,False,False,True,False,False,False,2023-07-01,False
ORD-10652,2024-05-19,2024-05-22,Standard Class,Customer_8,Corporate,Central,Illinois,Technology,Machines,362.46,9.0,0.1,90.31,362.46,90.31,0.5656616806383594,0.6153846153846154,0.2,0.7783986453797774,2,1,True,False,False,False,False,False,False,True,2024-05-01,False
ORD-10653,2023-07-10,2023-07-12,Second Class,Customer_125,Corporate,East,Pennsylvania,Office Supplies,Labels,7.79,10.0,0.0,3.21,7.79,3.21,0.0044150285038354,0.6923076923076923,0.0,0.3570149975810353,1,1,False,True,False,False,False,False,True,False,2023-07-01,False
ORD-10654,2024-05-22,2024-05-25,First Class,Customer_49,Corporate,East,Ohio,Technology,Accessories,755.97,2.0,0.1,198.59,636.9324999999999,136.11499999999998,1.0,0.0769230769230769,0.2,1.0,2,1,False,True,False,False,True,False,False,False,2024-05-01,True
ORD-10655,2024-01-04,2024-01-06,Standard Class,Customer_169,Home Office,South,Washington,Technology,Phones,88.79,7.0,0.15,21.24,88.79,21.24,0.132593275389381,0.4615384615384615,0.3,0.4442428640541848,2,2,False,False,True,False,False,False,False,True,2024-01-01,False
ORD-10656,2024-02-13,2024-02-16,Standard Class,Customer_132,Consumer,East,Ohio,Office Supplies,Storage,19.76,7.0,0.0,7.55,19.76,7.55,0.0233569249880327,0.4615384615384615,0.0,0.3780116110304789,1,0,False,True,False,False,False,False,False,True,2024-02-01,False
ORD-10657,2023-04-27,2023-05-02,Standard Class,Customer_137,Home Office,West,Ohio,Office Supplies,Storage,23.5,11.0,0.2,4.46,23.5,4.46,0.0292752786096616,0.7692307692307693,0.4,0.3630624092888243,1,2,False,False,False,True,False,False,False,True,2023-04-01,False
ORD-10658,2023-05-14,2023-05-19,Second Class,Customer_80,Home Office,Central,Georgia,Technology,Phones,546.27,7.0,0.2,123.6,546.27,123.6,0.856531354219003,0.4615384615384615,0.4,0.939453313981616,2,2,True,False,False,False,False,False,True,False,2023-05-01,False
ORD-10659,2023-02-27,2023-02-28,Same Day,Customer_69,Consumer,West,New York,Furniture,Furnishings,181.32,3.0,0.1,45.37,181.32,45.37,0.2790171418624616,0.1538461538461538,0.2,0.5609820996613449,0,0,False,False,False,True,False,True,False,False,2023-02-01,False
ORD-10660,2024-07-09,2024-07-15,Second Class,Customer_125,Consumer,Central,Ohio,Office Supplies,Paper,141.24,12.0,0.0,68.04,141.24,68.04,0.2155926463665028,0.8461538461538461,0.0,0.6706579583938075,1,0,True,False,False,False,False,False,True,False,2024-07-01,False
ORD-10661,2024-11-15,2024-11-18,Standard Class,Customer_14,Consumer,Central,Florida,Furniture,Tables,859.89,7.0,0.1,321.02,636.9324999999999,136.11499999999998,1.0,0.4615384615384615,0.2,1.0,0,0,True,False,False,False,False,False,False,True,2024-11-01,True
ORD-10662,2024-11-02,2024-11-06,Standard Class,Customer_87,Consumer,East,New York,Office Supplies,Labels,74.99,1.0,0.4,3.49,74.99,3.49,0.1107554999940658,0.0,0.8,0.35836961780358,1,0,False,True,False,False,False,False,False,True,2024-11-01,False
ORD-10663,2023-06-22,2023-06-23,First Class,Customer_215,Corporate,East,Pennsylvania,Office Supplies,Paper,24.72,10.0,0.0,9.1,24.72,9.1,0.0312058645504068,0.6923076923076923,0.0,0.3855104015481373,1,1,False,True,False,False,True,False,False,False,2023-06-01,False
ORD-10664,2023-05-29,2023-06-01,Standard Class,Customer_85,Corporate,West,Florida,Technology,Copiers,305.89,1.0,0.0,122.35,305.89,122.35,0.4761426259924913,0.0,0.0,0.9334059022738268,2,1,False,False,False,True,False,False,False,True,2023-05-01,False
ORD-10665,2023-03-21,2023-03-24,Standard Class,Customer_248,Corporate,West,Ohio,Technology,Accessories,387.15,5.0,0.0,101.4,387.15,101.4,0.6047323092260646,0.3076923076923077,0.0,0.8320512820512822,2,1,False,False,False,True,False,False,False,True,2023-03-01,False
ORD-10666,2023-08-01,2023-08-02,Second Class,Customer_58,Consumer,Central,Michigan,Furniture,Furnishings,580.38,2.0,0.15,133.14,580.38,133.14,0.9105086381852494,0.0769230769230769,0.3,0.985607160135462,0,0,True,False,False,False,False,False,True,False,2023-08-01,False
ORD-10667,2023-07-22,2023-07-27,Standard Class,Customer_50,Consumer,Central,Illinois,Furniture,Furnishings,227.25,9.0,0.0,66.24,227.25,66.24,0.3516989551890432,0.6153846153846154,0.0,0.6619496855345912,0,0,True,False,False,False,False,False,False,True,2023-07-01,False
ORD-10668,2023-08-17,2023-08-20,Standard Class,Customer_192,Home Office,West,Georgia,Office Supplies,Binders,23.43,7.0,0.1,7.05,23.43,7.05,0.0291645072851926,0.4615384615384615,0.2,0.3755926463473633,1,2,False,False,False,True,False,False,False,True,2023-08-01,False
ORD-10669,2024-11-06,2024-11-11,Standard Class,Customer_2,Consumer,South,California,Office Supplies,Storage,16.25,4.0,0.15,2.55,16.25,2.55,0.0178025342896591,0.2307692307692307,0.3,0.3538219641993226,1,0,False,False,True,False,False,False,False,True,2024-11-01,False
ORD-10670,2023-08-15,2023-08-16,Standard Class,Customer_298,Home Office,South,Washington,Furniture,Bookcases,604.31,4.0,0.15,113.26,604.31,113.26,0.9483766066787196,0.2307692307692307,0.3,0.8894291243347847,0,2,False,False,True,False,False,False,False,True,2023-08-01,False
ORD-10671,2024-10-20,2024-10-25,Second Class,Customer_12,Consumer,Central,Washington,Office Supplies,Binders,75.1,2.0,0.1,8.28,75.1,8.28,0.1109295692182313,0.0769230769230769,0.2,0.3815432994678278,1,0,True,False,False,False,False,False,True,False,2024-10-01,False
ORD-10672,2024-06-15,2024-06-17,Second Class,Customer_121,Home Office,West,Florida,Office Supplies,Storage,36.13,5.0,0.1,6.0,36.13,6.0,0.0492615904388522,0.3076923076923077,0.2,0.3705128205128205,1,2,False,False,False,True,False,False,True,False,2024-06-01,False
ORD-10673,2024-03-16,2024-03-20,Standard Class,Customer_212,Consumer,West,Washington,Technology,Copiers,290.55,4.0,0.15,70.72,290.55,70.72,0.4518678814588584,0.2307692307692307,0.3,0.6836236090953073,2,0,False,False,False,True,False,False,False,True,2024-03-01,False
ORD-10674,2024-02-06,2024-02-09,First Class,Customer_49,Consumer,East,New York,Office Supplies,Paper,19.19,12.0,0.0,5.38,19.19,5.38,0.0224549299173566,0.8461538461538461,0.0,0.3675133043057571,1,0,False,True,False,False,True,False,False,False,2024-02-01,False
ORD-10675,2023-02-16,2023-02-22,First Class,Customer_192,Consumer,South,Texas,Office Supplies,Labels,175.42,13.0,0.0,76.33,175.42,76.33,0.2696807016572181,0.9230769230769232,0.0,0.7107643928398646,1,0,False,False,True,False,True,False,False,False,2023-02-01,False
ORD-10676,2023-08-21,2023-08-25,Second Class,Customer_201,Corporate,Central,Michigan,Office Supplies,Art,55.46,1.0,0.1,0.2,55.46,0.2,0.0798503004672176,0.0,0.2,0.3424528301886792,1,1,True,False,False,False,False,False,True,False,2023-08-01,False
ORD-10677,2023-11-01,2023-11-06,Standard Class,Customer_35,Home Office,West,California,Technology,Phones,81.93,12.0,0.0,31.65,81.93,31.65,0.12173768559142,0.8461538461538461,0.0,0.4946057087566521,2,2,False,False,False,True,False,False,False,True,2023-11-01,False
ORD-10678,2024-06-09,2024-06-12,Second Class,Customer_218,Consumer,East,Washington,Office Supplies,Labels,13.11,8.0,0.2,1.43,13.11,1.43,0.0128336491634786,0.5384615384615384,0.4,0.3484034833091437,1,0,False,True,False,False,False,False,True,False,2024-06-01,False
ORD-10679,2023-05-23,2023-05-28,Standard Class,Customer_70,Home Office,Central,Washington,Office Supplies,Paper,34.67,3.0,0.4,0.72,34.67,0.72,0.0469512170999276,0.1538461538461538,0.8,0.3449685534591195,1,2,True,False,False,False,False,False,False,True,2023-05-01,False
ORD-10680,2024-02-19,2024-02-21,Second Class,Customer_78,Corporate,Central,Florida,Office Supplies,Art,22.54,14.0,0.1,18.525,22.54,18.525,0.027756129016944,1.0,0.2,0.4311078858248669,1,1,True,False,False,False,False,False,True,False,2024-02-01,False
ORD-10681,2024-05-27,2024-05-28,Second Class,Customer_202,Corporate,South,Ohio,Technology,Phones,353.65,6.0,0.1,79.13,353.65,79.13,0.5517203182301907,0.3846153846153846,0.2,0.7243105950653119,2,1,False,False,True,False,False,False,True,False,2024-05-01,False
ORD-10682,2024-01-08,2024-01-11,Standard Class,Customer_48,Home Office,West,Illinois,Office Supplies,Art,71.26,4.0,0.15,10.5,71.26,10.5,0.1048529708473611,0.2307692307692307,0.3,0.3922835026608611,1,2,False,False,False,True,False,False,False,True,2024-01-01,False
ORD-10683,2024-07-19,2024-07-21,First Class,Customer_154,Consumer,Central,Georgia,Furniture,Furnishings,119.77,9.0,0.3,18.04,119.77,18.04,0.1816174987043711,0.6153846153846154,0.6,0.4287614900822448,0,0,True,False,False,False,True,False,False,False,2024-07-01,False
ORD-10684,2023-09-16,2023-09-18,Standard Class,Customer_157,Consumer,East,Georgia,Office Supplies,Art,36.84,7.0,0.4,0.99,36.84,0.99,0.0503851281584663,0.4615384615384615,0.8,0.3462747943880019,1,0,False,True,False,False,False,False,False,True,2023-09-01,False
ORD-10685,2024-10-17,2024-10-20,Second Class,Customer_48,Home Office,East,Georgia,Furniture,Tables,91.21,9.0,0.2,6.51,91.21,6.51,0.1364227983210232,0.6153846153846154,0.4,0.3729801644895985,0,2,False,True,False,False,False,False,True,False,2024-10-01,False
ORD-10686,2024-04-15,2024-04-20,Standard Class,Customer_209,Home Office,Central,Georgia,Furniture,Bookcases,852.4,10.0,0.0,284.48,636.9324999999999,136.11499999999998,1.0,0.6923076923076923,0.0,1.0,0,2,True,False,False,False,False,False,False,True,2024-04-01,True
ORD-10687,2023-01-12,2023-01-18,First Class,Customer_288,Home Office,East,Pennsylvania,Technology,Machines,533.99,3.0,0.15,81.81,533.99,81.81,0.8370988990121573,0.1538461538461538,0.3,0.7372762457668117,2,2,False,True,False,False,True,False,False,False,2023-01-01,False
ORD-10688,2023-11-26,2023-11-28,Standard Class,Customer_42,Home Office,Central,California,Office Supplies,Labels,73.65,1.0,0.1,24.75,73.65,24.75,0.1086350203542309,0.0,0.2,0.4612239961296565,1,2,True,False,False,False,False,False,False,True,2023-11-01,False
ORD-10689,2023-12-24,2023-12-28,Standard Class,Customer_8,Consumer,East,Ohio,Office Supplies,Paper,96.76,5.0,0.1,24.33,96.76,24.33,0.1452053819039217,0.3076923076923077,0.2,0.4591920657958394,1,0,False,True,False,False,False,False,False,True,2023-12-01,False
ORD-10690,2024-02-12,2024-02-14,Standard Class,Customer_219,Home Office,Central,Illinois,Office Supplies,Art,22.36,3.0,0.1,5.25,22.36,5.25,0.0274712884683095,0.1538461538461538,0.2,0.366884373488147,1,2,True,False,False,False,False,False,False,True,2024-02-01,False
ORD-10691,2024-10-29,2024-11-04,Standard Class,Customer_203,Consumer,Central,Illinois,Technology,Copiers,421.69,7.0,0.0,175.48,421.69,136.11499999999998,0.6593900456140491,0.4615384615384615,0.0,1.0,2,0,True,False,False,False,False,False,False,True,2024-10-01,True
ORD-10692,2024-01-08,2024-01-13,Standard Class,Customer_103,Home Office,Central,Florida,Furniture,Tables,317.31,8.0,0.2,33.04,317.31,33.04,0.4942141763558609,0.5384615384615384,0.4,0.5013304305757136,0,2,True,False,False,False,False,False,False,True,2024-01-01,False
ORD-10693,2023-01-08,2023-01-13,Second Class,Customer_41,Consumer,East,Michigan,Office Supplies,Storage,57.37,11.0,0.1,13.76,57.37,13.76,0.0828727751777286,0.7692307692307693,0.2,0.4080551523947751,1,0,False,True,False,False,False,False,True,False,2023-01-01,False
ORD-10694,2023-05-02,2023-05-06,Standard Class,Customer_40,Corporate,Central,Washington,Technology,Accessories,194.93,13.0,0.0,68.73,194.93,68.73,0.3005542522342181,0.9230769230769232,0.0,0.673996129656507,2,1,True,False,False,False,False,False,False,True,2023-05-01,False
ORD-10695,2023-12-14,2023-12-16,Standard Class,Customer_250,Corporate,South,Washington,Technology,Phones,206.08,4.0,0.1,83.53,206.08,83.53,0.3181985417746358,0.2307692307692307,0.2,0.7455974842767297,2,1,False,False,True,False,False,False,False,True,2023-12-01,False
ORD-10696,2024-11-06,2024-11-11,Standard Class,Customer_127,Consumer,Central,Ohio,Office Supplies,Storage,92.57,5.0,0.3,-0.03,92.57,-0.03,0.1385749269107064,0.3076923076923077,0.6,0.341340106434446,1,0,True,False,False,False,False,False,False,True,2024-11-01,False
ORD-10697,2023-03-31,2023-04-06,First Class,Customer_189,Consumer,West,Pennsylvania,Office Supplies,Binders,35.14,5.0,0.2,8.32,35.14,8.32,0.0476949674213622,0.3076923076923077,0.4,0.381736816642477,1,0,False,False,False,True,True,False,False,False,2023-03-01,False
ORD-10698,2024-10-09,2024-10-12,Second Class,Customer_105,Home Office,West,New York,Technology,Phones,694.43,4.0,0.0,177.97,636.9324999999999,136.11499999999998,1.0,0.2307692307692307,0.0,1.0,2,2,False,False,False,True,False,False,True,False,2024-10-01,True
ORD-10699,2024-11-28,2024-11-29,Second Class,Customer_110,Corporate,South,Texas,Office Supplies,Storage,26.15,4.0,0.0,6.56,26.15,6.56,0.0334687644645591,0.2307692307692307,0.0,0.37322206095791,1,1,False,False,True,False,False,False,True,False,2024-11-01,False
ORD-10700,2023-11-12,2023-11-13,Second Class,Customer_65,Consumer,Central,Ohio,Office Supplies,Art,25.25,4.0,0.0,8.89,25.25,8.89,0.0320445617213863,0.2307692307692307,0.0,0.3844944363812288,1,0,True,False,False,False,False,False,True,False,2023-11-01,False
ORD-10701,2023-06-27,2023-06-28,Standard Class,Customer_133,Corporate,West,New York,Office Supplies,Labels,24.21,4.0,0.4,-0.2,24.21,-0.2,0.0303988163292756,0.2307692307692307,0.8,0.3405176584421867,1,1,False,False,False,True,False,False,False,True,2023-06-01,False
ORD-10702,2024-06-23,2024-06-25,Standard Class,Customer_166,Corporate,Central,Texas,Furniture,Chairs,267.68,4.0,0.15,-3.1,267.68,-3.1,0.415677307307347,0.2307692307692307,0.3,0.3264876632801161,0,1,True,False,False,False,False,False,False,True,2024-06-01,False
ORD-10703,2023-02-10,2023-02-14,Standard Class,Customer_59,Consumer,West,Illinois,Furniture,Tables,562.32,5.0,0.1,198.37,562.32,136.11499999999998,0.8819296364722501,0.3076923076923077,0.2,1.0,0,0,False,False,False,True,False,False,False,True,2023-02-01,True
ORD-10704,2024-12-04,2024-12-09,First Class,Customer_44,Consumer,East,Pennsylvania,Office Supplies,Art,27.38,2.0,0.15,1.2,27.38,1.2,0.0354151748802285,0.0769230769230769,0.3,0.3472907595549105,1,0,False,True,False,False,True,False,False,False,2024-12-01,False
ORD-10705,2024-05-16,2024-05-19,Same Day,Customer_63,Home Office,East,Ohio,Furniture,Chairs,151.43,2.0,0.1,37.6,151.43,37.6,0.2317177863142029,0.0769230769230769,0.2,0.5233913884857282,0,2,False,True,False,False,False,True,False,False,2024-05-01,False
ORD-10706,2023-05-25,2023-05-31,Standard Class,Customer_24,Corporate,Central,Georgia,Office Supplies,Storage,57.21,9.0,0.2,15.8,57.21,15.8,0.0826195835789423,0.6153846153846154,0.4,0.4179245283018867,1,1,True,False,False,False,False,False,False,True,2023-05-01,False
ORD-10707,2023-07-20,2023-07-23,Standard Class,Customer_61,Corporate,South,Illinois,Technology,Accessories,96.76,2.0,0.1,42.49,96.76,42.49,0.1452053819039217,0.0769230769230769,0.2,0.547048863086599,2,1,False,False,True,False,False,False,False,True,2023-07-01,False
ORD-10708,2024-12-24,2024-12-30,Standard Class,Customer_98,Corporate,Central,New York,Office Supplies,Storage,99.98,6.0,0.0,32.09,99.98,32.09,0.1503008628294952,0.3846153846153846,0.0,0.4967343976777939,1,1,True,False,False,False,False,False,False,True,2024-12-01,False
ORD-10709,2024-04-05,2024-04-07,Standard Class,Customer_141,Consumer,South,Ohio,Office Supplies,Binders,47.65,2.0,0.0,11.22,47.65,11.22,0.0674913855514631,0.0769230769230769,0.0,0.3957668118045476,1,0,False,False,True,False,False,False,False,True,2024-04-01,False
ORD-10710,2024-07-11,2024-07-12,Standard Class,Customer_264,Consumer,Central,Ohio,Office Supplies,Binders,48.38,7.0,0.1,17.58,48.38,17.58,0.0686465722209255,0.4615384615384615,0.2,0.4265360425737784,1,0,True,False,False,False,False,False,False,True,2024-07-01,False
ORD-10711,2024-06-30,2024-07-02,Standard Class,Customer_16,Consumer,East,Florida,Office Supplies,Labels,105.64,4.0,0.1,6.26,105.64,6.26,0.1592575156365593,0.2307692307692307,0.2,0.3717706821480406,1,0,False,True,False,False,False,False,False,True,2024-06-01,False
ORD-10712,2023-09-10,2023-09-14,Same Day,Customer_256,Consumer,East,California,Furniture,Bookcases,746.15,7.0,0.0,231.96,636.9324999999999,136.11499999999998,1.0,0.4615384615384615,0.0,1.0,0,0,False,True,False,False,False,True,False,False,2023-09-01,True
ORD-10713,2024-01-25,2024-01-29,Standard Class,Customer_266,Corporate,West,Illinois,Office Supplies,Binders,41.62,7.0,0.3,1.28,41.62,1.28,0.0579492271722059,0.4615384615384615,0.6,0.347677793904209,1,1,False,False,False,True,False,False,False,True,2024-01-01,False
ORD-10714,2024-08-16,2024-08-22,First Class,Customer_15,Home Office,Central,Ohio,Office Supplies,Storage,25.83,7.0,0.2,2.91,25.83,2.91,0.0329623812669865,0.4615384615384615,0.4,0.3555636187711659,1,2,True,False,False,False,True,False,False,False,2024-08-01,False
ORD-10715,2023-09-13,2023-09-18,First Class,Customer_268,Consumer,East,Washington,Office Supplies,Art,35.05,13.0,0.0,11.3,35.05,11.3,0.0475525471470449,0.9230769230769232,0.0,0.3961538461538461,1,0,False,True,False,False,True,False,False,False,2023-09-01,False
ORD-10716,2024-12-09,2024-12-14,Standard Class,Customer_48,Consumer,East,Washington,Technology,Copiers,188.94,6.0,0.0,70.91,188.94,70.91,0.2910753917546574,0.3846153846153846,0.0,0.6845428156748912,2,0,False,True,False,False,False,False,False,True,2024-12-01,False
ORD-10717,2024-03-25,2024-03-31,Second Class,Customer_67,Corporate,Central,California,Office Supplies,Labels,18.76,10.0,0.0,5.72,18.76,5.72,0.0217744774956186,0.6923076923076923,0.0,0.3691582002902757,1,1,True,False,False,False,False,False,True,False,2024-03-01,False
ORD-10718,2023-01-10,2023-01-14,Second Class,Customer_50,Home Office,West,Ohio,Office Supplies,Storage,16.39,5.0,0.2,2.21,16.39,2.21,0.018024076938597,0.3076923076923077,0.4,0.352177068214804,1,2,False,False,False,True,False,False,True,False,2023-01-01,False
ORD-10719,2023-08-30,2023-09-03,Standard Class,Customer_143,Corporate,West,Georgia,Office Supplies,Storage,36.55,1.0,0.0,14.67,36.55,14.67,0.0499262183856661,0.0,0.0,0.4124576681180454,1,1,False,False,False,True,False,False,False,True,2023-08-01,False
ORD-10720,2023-09-08,2023-09-12,Second Class,Customer_245,Home Office,West,California,Furniture,Chairs,426.15,12.0,0.1,60.26,426.15,60.26,0.6664477614302161,0.8461538461538461,0.2,0.6330188679245283,0,2,False,False,False,True,False,False,True,False,2023-09-01,False
ORD-10721,2023-01-05,2023-01-07,Second Class,Customer_180,Corporate,West,California,Office Supplies,Storage,52.37,3.0,0.1,12.04,52.37,12.04,0.0749605377156579,0.1538461538461538,0.2,0.3997339138848573,1,1,False,False,False,True,False,False,True,False,2023-01-01,False
ORD-10722,2023-04-29,2023-05-03,Same Day,Customer_56,Corporate,East,New York,Furniture,Tables,377.45,9.0,0.2,13.56,377.45,13.56,0.5893825685496474,0.6153846153846154,0.4,0.4070875665215288,0,1,False,True,False,False,False,True,False,False,2023-04-01,False
ORD-10723,2024-01-09,2024-01-12,Second Class,Customer_128,Consumer,Central,New York,Furniture,Tables,336.45,14.0,0.0,120.67,336.45,120.67,0.5245022213606676,1.0,0.0,0.9252781809385584,0,0,True,False,False,False,False,False,True,False,2024-01-01,False
ORD-10724,2023-03-06,2023-03-07,First Class,Customer_11,Consumer,Central,Michigan,Furniture,Chairs,53.37,1.0,0.1,5.6,53.37,5.6,0.076542985208072,0.0,0.2,0.368577648766328,0,0,True,False,False,False,True,False,False,False,2023-03-01,False
ORD-10725,2023-05-26,2023-05-30,First Class,Customer_174,Consumer,East,Illinois,Office Supplies,Paper,32.71,5.0,0.1,10.83,32.71,10.83,0.0438496200147958,0.3076923076923077,0.2,0.3938800193517174,1,0,False,True,False,False,True,False,False,False,2023-05-01,False
ORD-10726,2023-08-12,2023-08-18,Standard Class,Customer_170,Corporate,East,Texas,Office Supplies,Labels,48.43,2.0,0.1,7.5,48.43,7.5,0.0687256945955462,0.0769230769230769,0.2,0.3777697145621674,1,1,False,True,False,False,False,False,False,True,2023-08-01,False
ORD-10727,2023-08-27,2023-08-28,Standard Class,Customer_254,Home Office,East,California,Office Supplies,Art,44.38,4.0,0.2,1.25,44.38,1.25,0.0623167822512689,0.2307692307692307,0.4,0.347532656023222,1,2,False,True,False,False,False,False,False,True,2023-08-01,False
ORD-10728,2023-06-26,2023-06-28,Standard Class,Customer_217,Home Office,South,New York,Office Supplies,Labels,96.76,14.0,0.0,9.34,96.76,9.34,0.1452053819039217,1.0,0.0,0.3866715045960329,1,2,False,False,True,False,False,False,False,True,2023-06-01,False
ORD-10729,2023-10-09,2023-10-15,Standard Class,Customer_130,Consumer,Central,Pennsylvania,Office Supplies,Art,53.52,14.0,0.2,16.43,53.52,16.43,0.0767803523319342,1.0,0.4,0.4209724238026124,1,0,True,False,False,False,False,False,False,True,2023-10-01,False
ORD-10730,2023-03-04,2023-03-05,First Class,Customer_203,Consumer,Central,Michigan,Furniture,Chairs,614.43,11.0,0.15,167.06,614.43,136.11499999999998,0.9643909753019508,0.7692307692307693,0.3,1.0,0,0,True,False,False,False,True,False,False,False,2023-03-01,True
ORD-10731,2023-08-05,2023-08-11,Standard Class,Customer_136,Consumer,Central,Ohio,Technology,Machines,514.81,1.0,0.15,31.51,514.81,31.51,0.8067475561076539,0.0,0.3,0.4939283986453798,2,0,True,False,False,False,False,False,False,True,2023-08-01,False
ORD-10732,2024-11-19,2024-11-21,Standard Class,Customer_0,Consumer,West,Illinois,Office Supplies,Paper,92.31,3.0,0.15,9.93,92.31,9.93,0.1381634905626788,0.1538461538461538,0.3,0.3895258829221092,1,0,False,False,False,True,False,False,False,True,2024-11-01,False
ORD-10733,2024-04-05,2024-04-08,Standard Class,Customer_96,Corporate,East,Ohio,Office Supplies,Art,113.68,10.0,0.1,25.96,113.68,25.96,0.171980393475569,0.6923076923076923,0.2,0.4670778906627963,1,1,False,True,False,False,False,False,False,True,2024-04-01,False
ORD-10734,2024-09-01,2024-09-03,Standard Class,Customer_219,Home Office,East,Michigan,Office Supplies,Binders,87.6,7.0,0.0,46.35,87.6,46.35,0.1307101628734081,0.4615384615384615,0.0,0.5657232704402516,1,2,False,True,False,False,False,False,False,True,2024-09-01,False
ORD-10735,2023-04-15,2023-04-17,Second Class,Customer_43,Home Office,East,Florida,Furniture,Tables,622.56,10.0,0.15,87.09,622.56,87.09,0.977256273415278,0.6923076923076923,0.3,0.7628205128205129,0,2,False,True,False,False,False,False,True,False,2023-04-01,False
ORD-10736,2023-04-09,2023-04-15,First Class,Customer_126,Corporate,South,Washington,Office Supplies,Binders,6.17,3.0,0.1,1.14,6.17,1.14,0.0018514635661245,0.1538461538461538,0.2,0.3470004837929366,1,1,False,False,True,False,True,False,False,False,2023-04-01,False
ORD-10737,2024-05-25,2024-05-30,Standard Class,Customer_64,Home Office,Central,Illinois,Office Supplies,Paper,55.16,4.0,0.15,18.6,55.16,18.6,0.0793755662194933,0.2307692307692307,0.3,0.4314707305273343,1,2,True,False,False,False,False,False,False,True,2024-05-01,False
ORD-10738,2024-01-20,2024-01-24,Second Class,Customer_216,Corporate,East,Washington,Technology,Accessories,161.99,2.0,0.0,59.22,161.99,59.22,0.2484284318340962,0.0769230769230769,0.0,0.6279874213836478,2,1,False,True,False,False,False,False,True,False,2024-01-01,False
ORD-10739,2024-02-09,2024-02-13,Second Class,Customer_69,Consumer,South,Pennsylvania,Furniture,Chairs,434.82,3.0,0.3,71.41,434.82,71.41,0.6801675811894468,0.1538461538461538,0.6,0.6869617803580068,0,0,False,False,True,False,False,False,True,False,2024-02-01,False
ORD-10740,2024-06-01,2024-06-04,Standard Class,Customer_116,Corporate,East,Ohio,Office Supplies,Art,82.45,9.0,0.15,18.525,82.45,18.525,0.1225605582874753,0.6153846153846154,0.3,0.4311078858248669,1,1,False,True,False,False,False,False,False,True,2024-06-01,False
ORD-10741,2024-04-20,2024-04-23,Standard Class,Customer_143,Corporate,West,Florida,Office Supplies,Art,22.08,3.0,0.0,7.55,22.08,7.55,0.0270282031704335,0.1538461538461538,0.0,0.3780116110304789,1,1,False,False,False,True,False,False,False,True,2024-04-01,False
ORD-10742,2024-12-09,2024-12-13,Same Day,Customer_220,Corporate,Central,Pennsylvania,Furniture,Bookcases,501.69,11.0,0.1,183.24,501.69,136.11499999999998,0.7859858450071805,0.7692307692307693,0.2,1.0,0,1,True,False,False,False,False,True,False,False,2024-12-01,True
ORD-10743,2024-10-06,2024-10-11,Standard Class,Customer_140,Consumer,South,Texas,Office Supplies,Paper,46.82,5.0,0.2,7.42,46.82,7.42,0.0661779541327594,0.3076923076923077,0.4,0.3773826802128689,1,0,False,False,True,False,False,False,False,True,2024-10-01,False
ORD-10744,2024-03-12,2024-03-16,Standard Class,Customer_184,Consumer,East,Ohio,Office Supplies,Storage,48.06,2.0,0.2,12.49,48.06,12.49,0.0681401890233529,0.0769230769230769,0.4,0.4019109820996613,1,0,False,True,False,False,False,False,False,True,2024-03-01,False
ORD-10745,2023-01-23,2023-01-28,Standard Class,Customer_52,Consumer,Central,Michigan,Technology,Machines,646.35,7.0,0.1,188.07,636.9324999999999,136.11499999999998,1.0,0.4615384615384615,0.2,1.0,2,0,True,False,False,False,False,False,False,True,2023-01-01,True
ORD-10746,2024-07-18,2024-07-21,Second Class,Customer_284,Home Office,South,Florida,Office Supplies,Binders,24.48,12.0,0.3,-0.08,24.48,-0.08,0.0308260771522275,0.8461538461538461,0.6,0.3410982099661345,1,2,False,False,True,False,False,False,True,False,2024-07-01,False
ORD-10747,2024-11-07,2024-11-08,Second Class,Customer_254,Consumer,Central,Illinois,Technology,Phones,643.02,13.0,0.0,224.22,636.9324999999999,136.11499999999998,1.0,0.9230769230769232,0.0,1.0,2,0,True,False,False,False,False,False,True,False,2024-11-01,True
ORD-10748,2024-12-14,2024-12-20,Second Class,Customer_197,Corporate,Central,Florida,Technology,Phones,184.62,7.0,0.1,62.5,184.62,62.5,0.2842392185874283,0.4615384615384615,0.2,0.6438558297048862,2,1,True,False,False,False,False,False,True,False,2024-12-01,False
ORD-10749,2024-04-02,2024-04-05,Standard Class,Customer_111,Corporate,West,Ohio,Technology,Accessories,348.44,14.0,0.3,18.525,348.44,18.525,0.5434757667947131,1.0,0.6,0.4311078858248669,2,1,False,False,False,True,False,False,False,True,2024-04-01,False
ORD-10750,2023-03-24,2023-03-27,First Class,Customer_2,Consumer,Central,New York,Furniture,Chairs,142.74,7.0,0.1,10.96,142.74,10.96,0.217966317605124,0.4615384615384615,0.2,0.3945089501693274,0,0,True,False,False,False,True,False,False,False,2023-03-01,False
ORD-10751,2023-05-25,2023-05-27,Standard Class,Customer_235,Corporate,South,Pennsylvania,Office Supplies,Binders,58.11,12.0,0.15,3.7,58.11,3.7,0.0840437863221151,0.8461538461538461,0.3,0.3593855829704886,1,1,False,False,True,False,False,False,False,True,2023-05-01,False
ORD-10752,2023-03-26,2023-03-28,Standard Class,Customer_206,Home Office,Central,Florida,Office Supplies,Paper,56.71,3.0,0.3,18.525,56.71,18.525,0.0818283598327353,0.1538461538461538,0.6,0.4311078858248669,1,2,True,False,False,False,False,False,False,True,2023-03-01,False
ORD-10753,2023-03-19,2023-03-21,Standard Class,Customer_121,Consumer,South,Washington,Technology,Copiers,385.94,5.0,0.0,86.19,385.94,86.19,0.6028175477602434,0.3076923076923077,0.0,0.7584663763909046,2,0,False,False,True,False,False,False,False,True,2023-03-01,False
ORD-10754,2024-04-01,2024-04-07,Standard Class,Customer_53,Home Office,Central,Pennsylvania,Office Supplies,Labels,33.04,1.0,0.3,1.29,33.04,1.29,0.0443718276872925,0.0,0.6,0.3477261731978713,1,2,True,False,False,False,False,False,False,True,2024-04-01,False
ORD-10755,2023-01-01,2023-01-03,First Class,Customer_5,Consumer,East,Washington,Furniture,Chairs,463.7,10.0,0.0,148.31,463.7,136.11499999999998,0.7258686647703672,0.6923076923076923,0.0,1.0,0,0,False,True,False,False,True,False,False,False,2023-01-01,True
ORD-10756,2023-02-20,2023-02-25,First Class,Customer_182,Consumer,West,Florida,Office Supplies,Labels,7.03,10.0,0.1,1.63,7.03,1.63,0.0032123684096007,0.6923076923076923,0.2,0.3493710691823899,1,0,False,False,False,True,True,False,False,False,2023-02-01,False
ORD-10757,2024-11-15,2024-11-19,Standard Class,Customer_274,Home Office,East,New York,Office Supplies,Art,41.26,10.0,0.0,17.82,41.26,17.82,0.0573795460749368,0.6923076923076923,0.0,0.4276971456216739,1,2,False,True,False,False,False,False,False,True,2024-11-01,False
ORD-10758,2024-12-17,2024-12-18,First Class,Customer_26,Home Office,West,Pennsylvania,Technology,Phones,96.76,11.0,0.1,1347.05,96.76,136.11499999999998,0.1452053819039217,0.7692307692307693,0.2,1.0,2,2,False,False,False,True,True,False,False,False,2024-12-01,True
ORD-10759,2024-03-21,2024-03-24,First Class,Customer_292,Home Office,South,Michigan,Technology,Copiers,812.64,1.0,0.0,195.32,636.9324999999999,136.11499999999998,1.0,0.0,0.0,1.0,2,2,False,False,True,False,True,False,False,False,2024-03-01,True
ORD-10760,2024-03-24,2024-03-29,Same Day,Customer_117,Corporate,West,Pennsylvania,Office Supplies,Storage,54.38,5.0,0.0,19.42,54.38,19.42,0.0781412571754103,0.3076923076923077,0.0,0.4354378326076439,1,1,False,False,False,True,False,True,False,False,2024-03-01,False
ORD-10761,2024-05-02,2024-05-03,Standard Class,Customer_218,Home Office,Central,Illinois,Furniture,Furnishings,318.57,13.0,0.0,18.525,318.57,18.525,0.4962080601963027,0.9230769230769232,0.0,0.4311078858248669,0,2,True,False,False,False,False,False,False,True,2024-05-01,False
ORD-10762,2023-02-03,2023-02-08,Second Class,Customer_293,Home Office,Central,Florida,Office Supplies,Storage,18.03,10.0,0.0,9.27,18.03,9.27,0.0206192908261562,0.6923076923076923,0.0,0.3863328495403967,1,2,True,False,False,False,False,False,True,False,2023-02-01,False
ORD-10763,2023-12-14,2023-12-19,Standard Class,Customer_4,Home Office,East,Texas,Furniture,Chairs,96.76,9.0,0.15,34.56,96.76,34.56,0.1452053819039217,0.6153846153846154,0.3,0.5086840832123851,0,2,False,True,False,False,False,False,False,True,2023-12-01,False
ORD-10764,2023-04-05,2023-04-08,First Class,Customer_271,Corporate,West,Ohio,Furniture,Bookcases,32.83,1.0,0.1,12.69,32.83,12.69,0.0440395137138855,0.0,0.2,0.4028785679729075,0,1,False,False,False,True,True,False,False,False,2023-04-01,False
ORD-10765,2023-03-13,2023-03-17,Standard Class,Customer_90,Consumer,South,California,Technology,Copiers,457.01,1.0,0.0,115.64,457.01,115.64,0.7152820910461166,0.0,0.0,0.9009433962264152,2,0,False,False,True,False,False,False,False,True,2023-03-01,False
ORD-10766,2024-07-04,2024-07-06,Second Class,Customer_291,Home Office,South,Georgia,Furniture,Tables,865.06,4.0,0.2,296.53,636.9324999999999,136.11499999999998,1.0,0.2307692307692307,0.4,1.0,0,2,False,False,True,False,False,False,True,False,2024-07-01,True
ORD-10767,2023-06-03,2023-06-09,Standard Class,Customer_269,Consumer,Central,Texas,Office Supplies,Storage,107.5,4.0,0.3,-7.41,107.5,-7.41,0.1622008679724496,0.2307692307692307,0.6,0.3056361877116594,1,0,True,False,False,False,False,False,False,True,2023-06-01,False
ORD-10768,2023-09-07,2023-09-11,Standard Class,Customer_142,Corporate,Central,Washington,Technology,Machines,123.4,2.0,0.2,16.0,123.4,16.0,0.1873617831018345,0.0769230769230769,0.4,0.418892114175133,2,1,True,False,False,False,False,False,False,True,2023-09-01,False
ORD-10769,2024-11-04,2024-11-10,Second Class,Customer_7,Consumer,Central,Michigan,Office Supplies,Labels,20.76,9.0,0.0,8.2,20.76,8.2,0.0249393724804468,0.6153846153846154,0.0,0.3811562651185293,1,0,True,False,False,False,False,False,True,False,2024-11-01,False
ORD-10770,2024-03-13,2024-03-16,First Class,Customer_36,Corporate,Central,Michigan,Office Supplies,Art,99.03,14.0,0.2,4.12,99.03,4.12,0.1487975377117018,1.0,0.4,0.3614175133043057,1,1,True,False,False,False,True,False,False,False,2024-03-01,False
ORD-10771,2023-04-28,2023-05-01,Standard Class,Customer_234,Consumer,Central,Georgia,Technology,Machines,348.81,9.0,0.0,96.21,348.81,96.21,0.5440612723669064,0.6153846153846154,0.0,0.8069424286405419,2,0,True,False,False,False,False,False,False,True,2023-04-01,False
ORD-10772,2023-11-02,2023-11-05,First Class,Customer_92,Consumer,East,New York,Furniture,Bookcases,86.44,13.0,0.0,22.74,86.44,22.74,0.1288745237822077,0.9230769230769232,0.0,0.4514997581035316,0,0,False,True,False,False,True,False,False,False,2023-11-01,False
ORD-10773,2023-09-25,2023-09-26,Standard Class,Customer_179,Home Office,East,Illinois,Office Supplies,Paper,25.12,13.0,0.0,8.17,25.12,8.17,0.0318388435473725,0.9230769230769232,0.0,0.3810111272375423,1,2,False,True,False,False,False,False,False,True,2023-09-01,False
ORD-10774,2023-02-23,2023-03-01,Standard Class,Customer_212,Consumer,Central,Ohio,Technology,Copiers,8.56,2.0,0.2,2.43,8.56,2.43,0.0056335130729943,0.0769230769230769,0.4,0.3532414126753749,2,0,True,False,False,False,False,False,False,True,2023-02-01,False
ORD-10775,2023-08-24,2023-08-28,Standard Class,Customer_94,Corporate,Central,Texas,Technology,Phones,96.76,14.0,0.0,132.7,96.76,132.7,0.1452053819039217,1.0,0.0,0.9834784712143202,2,1,True,False,False,False,False,False,False,True,2023-08-01,False
ORD-10776,2024-01-24,2024-01-28,Standard Class,Customer_7,Consumer,Central,California,Office Supplies,Labels,116.32,9.0,0.0,36.4,116.32,36.4,0.1761580548555423,0.6153846153846154,0.0,0.5175858732462506,1,0,True,False,False,False,False,False,False,True,2024-01-01,False
ORD-10777,2024-02-05,2024-02-10,Second Class,Customer_293,Consumer,South,Pennsylvania,Office Supplies,Art,52.1,6.0,0.0,6.21,52.1,6.21,0.0745332768927061,0.3846153846153846,0.0,0.371528785679729,1,0,False,False,True,False,False,False,True,False,2024-02-01,False
ORD-10778,2024-09-15,2024-09-20,Second Class,Customer_292,Consumer,Central,Georgia,Office Supplies,Paper,60.01,8.0,0.3,7.04,60.01,7.04,0.0870504365577019,0.5384615384615384,0.6,0.375544267053701,1,0,True,False,False,False,False,False,True,False,2024-09-01,False
ORD-10779,2023-10-30,2023-11-04,Second Class,Customer_39,Corporate,Central,New York,Technology,Copiers,1400.91,10.0,0.15,18.525,636.9324999999999,18.525,1.0,0.6923076923076923,0.3,0.4311078858248669,2,1,True,False,False,False,False,False,True,False,2023-10-01,True
ORD-10780,2023-07-26,2023-07-29,Second Class,Customer_279,Consumer,West,Michigan,Technology,Machines,114.67,13.0,0.0,24.54,114.67,24.54,0.173547016493059,0.9230769230769232,0.0,0.460208030962748,2,0,False,False,False,True,False,False,True,False,2023-07-01,False
ORD-10781,2023-08-17,2023-08-21,Second Class,Customer_11,Home Office,West,California,Office Supplies,Paper,116.01,13.0,0.1,24.32,116.01,24.32,0.1756674961328939,0.9230769230769232,0.2,0.4591436865021771,1,2,False,False,False,True,False,False,True,False,2023-08-01,False
ORD-10782,2024-07-31,2024-08-06,Standard Class,Customer_262,Consumer,West,Michigan,Office Supplies,Art,42.62,4.0,0.1,11.74,42.62,11.74,0.05953167466462,0.2307692307692307,0.2,0.3982825350749879,1,0,False,False,False,True,False,False,False,True,2024-07-01,False
ORD-10783,2023-03-16,2023-03-19,Standard Class,Customer_228,Consumer,West,Florida,Furniture,Chairs,146.78,2.0,0.15,42.88,146.78,42.88,0.2243594054744771,0.0769230769230769,0.3,0.5489356555394291,0,0,False,False,False,True,False,False,False,True,2023-03-01,False
ORD-10784,2024-03-10,2024-03-11,Second Class,Customer_277,Consumer,Central,Georgia,Furniture,Chairs,96.76,2.0,0.0,109.56,96.76,109.56,0.1452053819039217,0.0769230769230769,0.0,0.871528785679729,0,0,True,False,False,False,False,False,True,False,2024-03-01,False
ORD-10785,2023-04-13,2023-04-18,Standard Class,Customer_24,Consumer,Central,New York,Office Supplies,Binders,29.57,9.0,0.3,0.29,29.57,0.29,0.0388807348886154,0.6153846153846154,0.6,0.34288824383164,1,0,True,False,False,False,False,False,False,True,2023-04-01,False
ORD-10786,2024-02-26,2024-02-29,Standard Class,Customer_21,Corporate,South,Pennsylvania,Office Supplies,Storage,31.48,1.0,0.0,9.87,31.48,9.87,0.0419032095991264,0.0,0.0,0.3892356071601355,1,1,False,False,True,False,False,False,False,True,2024-02-01,False
ORD-10787,2024-12-04,2024-12-07,Standard Class,Customer_281,Home Office,South,Washington,Technology,Copiers,702.57,12.0,0.15,223.24,636.9324999999999,136.11499999999998,1.0,0.8461538461538461,0.3,1.0,2,2,False,False,True,False,False,False,False,True,2024-12-01,True
ORD-10788,2023-11-02,2023-11-03,Second Class,Customer_83,Corporate,Central,New York,Office Supplies,Art,103.32,7.0,0.0,44.79,103.32,44.79,0.1555862374541584,0.4615384615384615,0.0,0.5581761006289309,1,1,True,False,False,False,False,False,True,False,2023-11-01,False
ORD-10789,2023-04-08,2023-04-10,Standard Class,Customer_95,Consumer,East,Ohio,Furniture,Tables,299.35,11.0,0.1,77.32,299.35,77.32,0.4657934193921029,0.7692307692307693,0.2,0.7155539429124333,0,0,False,True,False,False,False,False,False,True,2023-04-01,False
ORD-10790,2023-12-01,2023-12-05,Standard Class,Customer_37,Consumer,South,Pennsylvania,Office Supplies,Binders,164.14,14.0,0.1,56.07,164.14,56.07,0.2518306939427866,1.0,0.2,0.6127479438800194,1,0,False,False,True,False,False,False,False,True,2023-12-01,False
ORD-10791,2024-03-10,2024-03-16,Second Class,Customer_100,Consumer,South,Texas,Office Supplies,Storage,35.07,3.0,0.1,2.47,35.07,2.47,0.0475841960968932,0.1538461538461538,0.2,0.3534349298500241,1,0,False,False,True,False,False,False,True,False,2024-03-01,False
ORD-10792,2024-03-22,2024-03-24,Standard Class,Customer_41,Home Office,West,New York,Office Supplies,Art,96.76,3.0,0.0,18.525,96.76,18.525,0.1452053819039217,0.1538461538461538,0.0,0.4311078858248669,1,2,False,False,False,True,False,False,False,True,2024-03-01,False
ORD-10793,2023-11-04,2023-11-09,First Class,Customer_247,Consumer,West,Pennsylvania,Office Supplies,Paper,128.68,2.0,0.1,10.36,128.68,10.36,0.1957171058617811,0.0769230769230769,0.2,0.3916061925495888,1,0,False,False,False,True,True,False,False,False,2023-11-01,False
ORD-10794,2023-09-06,2023-09-09,Second Class,Customer_26,Corporate,Central,Texas,Technology,Machines,937.78,14.0,0.0,460.79,636.9324999999999,136.11499999999998,1.0,1.0,0.0,1.0,2,1,True,False,False,False,False,False,True,False,2023-09-01,True
ORD-10795,2023-06-15,2023-06-16,Second Class,Customer_148,Consumer,South,New York,Technology,Machines,96.76,10.0,0.15,18.525,96.76,18.525,0.1452053819039217,0.6923076923076923,0.3,0.4311078858248669,2,0,False,False,True,False,False,False,True,False,2023-06-01,False
ORD-10796,2024-04-25,2024-04-26,Second Class,Customer_290,Consumer,West,California,Office Supplies,Labels,74.08,6.0,0.2,7.54,74.08,7.54,0.1093154727759689,0.3846153846153846,0.4,0.3779632317368167,1,0,False,False,False,True,False,False,True,False,2024-04-01,False
ORD-10797,2023-12-01,2023-12-05,Standard Class,Customer_116,Consumer,West,Washington,Furniture,Chairs,351.31,13.0,0.15,91.34,351.31,91.34,0.5480173910979417,0.9230769230769232,0.3,0.7833817126269957,0,0,False,False,False,True,False,False,False,True,2023-12-01,False
ORD-10798,2024-06-25,2024-06-27,Second Class,Customer_247,Consumer,Central,California,Office Supplies,Storage,117.98,10.0,0.2,26.28,117.98,26.28,0.1787849176929498,0.6923076923076923,0.4,0.4686260280599903,1,0,True,False,False,False,False,False,True,False,2024-06-01,False
ORD-10799,2023-04-16,2023-04-20,Standard Class,Customer_233,Corporate,South,Ohio,Furniture,Bookcases,632.23,2.0,0.15,113.36,632.23,113.36,0.9925585406669228,0.0769230769230769,0.3,0.8899129172714079,0,1,False,False,True,False,False,False,False,True,2023-04-01,False
ORD-10800,2024-07-16,2024-07-19,Same Day,Customer_3,Consumer,West,Pennsylvania,Office Supplies,Storage,68.0,10.0,0.1,19.7,68.0,19.7,0.0996941920220909,0.6923076923076923,0.2,0.4367924528301887,1,0,False,False,False,True,False,True,False,False,2024-07-01,False
ORD-10801,2023-03-22,2023-03-26,First Class,Customer_66,Corporate,Central,Texas,Furniture,Furnishings,204.11,4.0,0.2,42.79,204.11,42.79,0.3150811202145799,0.2307692307692307,0.4,0.5485002418964683,0,1,True,False,False,False,True,False,False,False,2023-03-01,False
ORD-10802,2023-05-13,2023-05-19,Second Class,Customer_141,Consumer,West,Florida,Office Supplies,Labels,11.27,10.0,0.1,4.3,11.27,4.3,0.0099219457774366,0.6923076923076923,0.2,0.3622883405902273,1,0,False,False,False,True,False,False,True,False,2023-05-01,False
ORD-10803,2023-05-18,2023-05-19,Standard Class,Customer_25,Home Office,East,New York,Furniture,Furnishings,486.93,9.0,0.15,88.93,486.93,88.93,0.7626289200191477,0.6153846153846154,0.3,0.7717223028543783,0,2,False,True,False,False,False,False,False,True,2023-05-01,False
ORD-10804,2023-07-03,2023-07-04,Standard Class,Customer_208,Consumer,East,Florida,Office Supplies,Paper,54.27,9.0,0.1,11.42,54.27,11.42,0.0779671879512448,0.6153846153846154,0.2,0.3967343976777939,1,0,False,True,False,False,False,False,False,True,2023-07-01,False
ORD-10805,2024-02-05,2024-02-10,Standard Class,Customer_246,Home Office,West,New York,Technology,Phones,659.32,6.0,0.1,245.6,636.9324999999999,136.11499999999998,1.0,0.3846153846153846,0.2,1.0,2,2,False,False,False,True,False,False,False,True,2024-02-01,True
ORD-10806,2023-11-26,2023-12-01,Standard Class,Customer_140,Corporate,South,Ohio,Furniture,Furnishings,572.87,13.0,0.0,144.34,572.87,136.11499999999998,0.8986244575172192,0.9230769230769232,0.0,1.0,0,1,False,False,True,False,False,False,False,True,2023-11-01,True
ORD-10807,2024-05-22,2024-05-25,Standard Class,Customer_201,Home Office,East,Florida,Furniture,Furnishings,19.61,4.0,0.1,3.78,19.61,3.78,0.0231195578641706,0.2307692307692307,0.2,0.3597726173197871,0,2,False,True,False,False,False,False,False,True,2024-05-01,False
ORD-10808,2023-03-10,2023-03-16,Standard Class,Customer_163,Consumer,Central,Texas,Office Supplies,Paper,32.48,7.0,0.2,5.59,32.48,5.59,0.0434856570915406,0.4615384615384615,0.4,0.3685292694726657,1,0,True,False,False,False,False,False,False,True,2023-03-01,False
ORD-10809,2024-06-29,2024-07-01,Standard Class,Customer_3,Corporate,West,Illinois,Technology,Copiers,274.43,14.0,0.4,-25.93,274.43,-25.93,0.4263588278811424,1.0,0.8,0.2160377358490565,2,1,False,False,False,True,False,False,False,True,2024-06-01,False
ORD-10810,2023-02-22,2023-02-26,Same Day,Customer_165,Consumer,Central,California,Furniture,Bookcases,84.19,1.0,0.1,9.74,84.19,9.74,0.1253140169242759,0.0,0.2,0.3886066763425254,0,0,True,False,False,False,False,True,False,False,2023-02-01,False
ORD-10811,2024-03-25,2024-03-28,Standard Class,Customer_217,Consumer,East,Texas,Office Supplies,Paper,69.57,12.0,0.15,21.04,69.57,21.04,0.1021786345851811,0.8461538461538461,0.3,0.4432752781809386,1,0,False,True,False,False,False,False,False,True,2024-03-01,False
ORD-10812,2023-07-24,2023-07-29,Same Day,Customer_173,Consumer,South,Michigan,Furniture,Chairs,482.52,4.0,0.3,-47.43,482.52,-47.43,0.7556503265776013,0.2307692307692307,0.6,0.1120222544750846,0,0,False,False,True,False,False,True,False,False,2023-07-01,False
ORD-10813,2023-05-06,2023-05-10,First Class,Customer_51,Consumer,Central,Georgia,Office Supplies,Binders,58.79,5.0,0.0,18.69,58.79,18.69,0.0851198506169567,0.3076923076923077,0.0,0.4319061441702951,1,0,True,False,False,False,True,False,False,False,2023-05-01,False
ORD-10814,2023-02-12,2023-02-17,Standard Class,Customer_148,Home Office,East,Ohio,Office Supplies,Labels,12.91,8.0,0.0,5.3,12.91,5.3,0.0125171596649958,0.5384615384615384,0.0,0.3671262699564586,1,2,False,True,False,False,False,False,False,True,2023-02-01,False
ORD-10815,2023-04-21,2023-04-25,Second Class,Customer_113,Consumer,East,Washington,Office Supplies,Art,75.27,12.0,0.2,14.4,75.27,14.4,0.1111985852919417,0.8461538461538461,0.4,0.411151427189163,1,0,False,True,False,False,False,False,True,False,2023-04-01,False
ORD-10816,2024-10-24,2024-10-26,Standard Class,Customer_91,Corporate,Central,New York,Technology,Machines,262.27,2.0,0.3,12.86,262.27,12.86,0.4071162663733864,0.0769230769230769,0.6,0.4037010159651669,2,1,True,False,False,False,False,False,False,True,2024-10-01,False
ORD-10817,2023-07-02,2023-07-05,Second Class,Customer_254,Corporate,Central,Texas,Office Supplies,Labels,31.93,12.0,0.3,-0.25,31.93,-0.25,0.0426153109707128,0.8461538461538461,0.6,0.3402757619738751,1,1,True,False,False,False,False,False,True,False,2023-07-01,False
ORD-10818,2023-04-05,2023-04-09,Standard Class,Customer_253,Corporate,East,Florida,Technology,Phones,778.88,5.0,0.1,223.94,636.9324999999999,136.11499999999998,1.0,0.3076923076923077,0.2,1.0,2,1,False,True,False,False,False,False,False,True,2023-04-01,True
ORD-10819,2024-01-09,2024-01-15,Standard Class,Customer_241,Corporate,West,Georgia,Furniture,Bookcases,845.38,6.0,0.0,229.04,636.9324999999999,136.11499999999998,1.0,0.3846153846153846,0.0,1.0,0,1,False,False,False,True,False,False,False,True,2024-01-01,True
ORD-10820,2024-06-03,2024-06-04,Second Class,Customer_43,Consumer,East,Illinois,Technology,Accessories,588.0,5.0,0.1,165.39,588.0,136.11499999999998,0.9225668880774452,0.3076923076923077,0.2,1.0,2,0,False,True,False,False,False,False,True,False,2024-06-01,True
ORD-10821,2023-12-26,2024-01-01,Standard Class,Customer_3,Corporate,West,Michigan,Office Supplies,Labels,35.29,13.0,0.0,12.75,35.29,12.75,0.0479323345452243,0.9230769230769232,0.0,0.4031688437348815,1,1,False,False,False,True,False,False,False,True,2023-12-01,False
ORD-10822,2024-11-26,2024-12-02,Second Class,Customer_161,Consumer,South,Florida,Technology,Accessories,314.52,9.0,0.0,113.88,314.52,113.88,0.4897991478520254,0.6153846153846154,0.0,0.892428640541848,2,0,False,False,True,False,False,False,True,False,2024-11-01,False
ORD-10823,2023-10-08,2023-10-09,Standard Class,Customer_112,Home Office,West,California,Furniture,Chairs,514.48,10.0,0.1,61.11,514.48,61.11,0.8062253484351574,0.6923076923076923,0.2,0.6371311078858248,0,2,False,False,False,True,False,False,False,True,2023-10-01,False
ORD-10824,2023-07-14,2023-07-20,Standard Class,Customer_35,Corporate,South,Illinois,Furniture,Chairs,58.07,1.0,0.0,29.78,58.07,29.78,0.0839804884224185,0.0,0.0,0.4855587808417997,0,1,False,False,True,False,False,False,False,True,2023-07-01,False
ORD-10825,2023-07-14,2023-07-18,Standard Class,Customer_232,Home Office,South,Georgia,Office Supplies,Labels,241.96,14.0,0.3,26.29,241.96,26.29,0.3749767578024552,1.0,0.6,0.4686744073536527,1,2,False,False,True,False,False,False,False,True,2023-07-01,False
ORD-10826,2024-10-28,2024-11-01,Standard Class,Customer_9,Consumer,West,Pennsylvania,Office Supplies,Binders,52.55,3.0,0.1,12.49,52.55,12.49,0.0752453782642924,0.1538461538461538,0.2,0.4019109820996613,1,0,False,False,False,True,False,False,False,True,2024-10-01,False
ORD-10827,2023-04-03,2023-04-07,Standard Class,Customer_47,Consumer,South,Pennsylvania,Office Supplies,Art,49.67,14.0,0.15,11.73,49.67,11.73,0.0706879294861397,1.0,0.3,0.3982341557813256,1,0,False,False,True,False,False,False,False,True,2023-04-01,False
ORD-10828,2024-11-02,2024-11-03,Standard Class,Customer_32,Consumer,West,Georgia,Office Supplies,Labels,48.97,2.0,0.0,14.11,48.97,14.11,0.0695802162414498,0.0769230769230769,0.0,0.4097484276729559,1,0,False,False,False,True,False,False,False,True,2024-11-01,False
ORD-10829,2023-03-02,2023-03-08,Standard Class,Customer_80,Consumer,Central,Pennsylvania,Furniture,Chairs,135.48,12.0,0.0,43.23,135.48,43.23,0.2064777488101973,0.8461538461538461,0.0,0.5506289308176101,0,0,True,False,False,False,False,False,False,True,2023-03-01,False
ORD-10830,2024-09-25,2024-09-26,First Class,Customer_1,Consumer,South,Ohio,Office Supplies,Paper,106.39,13.0,0.0,57.59,106.39,57.59,0.1604443512558699,0.9230769230769232,0.0,0.620101596516691,1,0,False,False,True,False,True,False,False,False,2024-09-01,False
ORD-10831,2023-02-20,2023-02-24,Standard Class,Customer_56,Corporate,West,Texas,Technology,Copiers,510.03,3.0,0.4,-360.96,510.03,-70.585,0.7991834570939144,0.1538461538461538,0.8,0.0,2,1,False,False,False,True,False,False,False,True,2023-02-01,True
ORD-10832,2024-02-07,2024-02-13,Second Class,Customer_271,Consumer,South,New York,Office Supplies,Labels,7.55,10.0,0.2,1.24,7.55,1.24,0.004035241105656,0.6923076923076923,0.4,0.3474842767295597,1,0,False,False,True,False,False,False,True,False,2024-02-01,False
ORD-10833,2023-01-05,2023-01-11,Standard Class,Customer_183,Consumer,East,Texas,Furniture,Chairs,414.98,9.0,0.1,18.525,414.98,18.525,0.6487718229399502,0.6153846153846154,0.2,0.4311078858248669,0,0,False,True,False,False,False,False,False,True,2023-01-01,False
ORD-10834,2024-04-10,2024-04-15,First Class,Customer_48,Home Office,West,Michigan,Office Supplies,Art,91.57,13.0,0.0,24.43,91.57,24.43,0.1369924794182923,0.9230769230769232,0.0,0.4596758587324625,1,2,False,False,False,True,True,False,False,False,2024-04-01,False
ORD-10835,2024-08-26,2024-08-31,Standard Class,Customer_22,Corporate,East,Texas,Furniture,Bookcases,466.89,14.0,0.4,11.06,466.89,11.06,0.7309166722711683,1.0,0.8,0.3949927431059506,0,1,False,True,False,False,False,False,False,True,2024-08-01,False
ORD-10836,2024-11-12,2024-11-14,Standard Class,Customer_272,Consumer,South,Texas,Technology,Copiers,524.01,9.0,0.0,184.93,524.01,136.11499999999998,0.8213060730378642,0.6153846153846154,0.0,1.0,2,0,False,False,True,False,False,False,False,True,2024-11-01,True
ORD-10837,2024-06-17,2024-06-20,Standard Class,Customer_82,Consumer,South,California,Furniture,Bookcases,700.19,10.0,0.0,296.1,636.9324999999999,136.11499999999998,1.0,0.6923076923076923,0.0,1.0,0,0,False,False,True,False,False,False,False,True,2024-06-01,True
ORD-10838,2024-02-09,2024-02-14,Standard Class,Customer_259,Consumer,Central,New York,Office Supplies,Art,96.76,2.0,0.15,10.36,96.76,10.36,0.1452053819039217,0.0769230769230769,0.3,0.3916061925495888,1,0,True,False,False,False,False,False,False,True,2024-02-01,False
ORD-10839,2024-05-27,2024-05-28,Second Class,Customer_131,Consumer,West,Texas,Technology,Copiers,363.04,14.0,0.1,22.53,363.04,22.53,0.5665795001839596,1.0,0.2,0.4504837929366231,2,0,False,False,False,True,False,False,True,False,2024-05-01,False
ORD-10840,2024-10-06,2024-10-11,Standard Class,Customer_16,Corporate,East,New York,Technology,Copiers,148.3,3.0,0.0,41.01,148.3,41.01,0.2267647256629466,0.1538461538461538,0.0,0.5398887276245767,2,1,False,True,False,False,False,False,False,True,2024-10-01,False
ORD-10841,2023-08-21,2023-08-23,Same Day,Customer_267,Consumer,Central,Washington,Office Supplies,Storage,212.53,14.0,0.0,85.28,212.53,85.28,0.328405328100707,1.0,0.0,0.7540638606676343,1,0,True,False,False,False,False,True,False,False,2023-08-01,False
ORD-10842,2024-06-07,2024-06-13,Standard Class,Customer_138,Home Office,South,Pennsylvania,Technology,Machines,131.58,4.0,0.4,5.69,131.58,5.69,0.2003062035897821,0.2307692307692307,0.8,0.3690130624092888,2,2,False,False,True,False,False,False,False,True,2024-06-01,False
ORD-10843,2023-12-12,2023-12-14,Standard Class,Customer_15,Corporate,South,Florida,Technology,Copiers,600.07,9.0,0.0,161.01,600.07,136.11499999999998,0.941667029310884,0.6153846153846154,0.0,1.0,2,1,False,False,True,False,False,False,False,True,2023-12-01,True
ORD-10844,2023-02-15,2023-02-21,Second Class,Customer_82,Corporate,Central,California,Office Supplies,Binders,33.99,3.0,0.0,11.03,33.99,11.03,0.045875152805086,0.1538461538461538,0.0,0.3948476052249637,1,1,True,False,False,False,False,False,True,False,2023-02-01,False
ORD-10845,2024-06-29,2024-07-05,Standard Class,Customer_90,Consumer,East,Pennsylvania,Office Supplies,Labels,49.42,13.0,0.15,4.87,49.42,4.87,0.0702923176130362,0.9230769230769232,0.3,0.3650459603289792,1,0,False,True,False,False,False,False,False,True,2024-06-01,False
ORD-10846,2023-03-19,2023-03-22,First Class,Customer_68,Consumer,South,New York,Office Supplies,Labels,5.0,7.0,0.3,0.67,5.0,0.67,0.0,0.4615384615384615,0.6,0.3447266569908079,1,0,False,False,True,False,True,False,False,False,2023-03-01,False
ORD-10847,2024-12-30,2025-01-04,Standard Class,Customer_283,Corporate,South,Pennsylvania,Office Supplies,Paper,82.93,12.0,0.1,18.525,82.93,18.525,0.1233201330838341,0.8461538461538461,0.2,0.4311078858248669,1,1,False,False,True,False,False,False,False,True,2024-12-01,False
ORD-10848,2023-03-14,2023-03-15,Second Class,Customer_49,Consumer,West,Texas,Office Supplies,Paper,198.95,3.0,0.5,2.87,198.95,2.87,0.3069156911537229,0.1538461538461538,1.0,0.3553701015965167,1,0,False,False,False,True,False,False,True,False,2023-03-01,False
ORD-10849,2023-09-06,2023-09-07,Standard Class,Customer_285,Consumer,Central,Florida,Office Supplies,Labels,81.34,7.0,0.15,16.0,81.34,16.0,0.1208040415708956,0.4615384615384615,0.3,0.418892114175133,1,0,True,False,False,False,False,False,False,True,2023-09-01,False
ORD-10850,2023-02-16,2023-02-20,First Class,Customer_205,Consumer,South,Texas,Furniture,Chairs,7.09,7.0,0.0,2.74,7.09,2.74,0.0033073152591455,0.4615384615384615,0.0,0.3547411707789066,0,0,False,False,True,False,True,False,False,False,2023-02-01,False
ORD-10851,2023-05-01,2023-05-07,Second Class,Customer_19,Consumer,East,Michigan,Furniture,Furnishings,398.24,9.0,0.5,-8.36,398.24,-8.36,0.6222816519169374,0.6153846153846154,1.0,0.3010401548137397,0,0,False,True,False,False,False,False,True,False,2023-05-01,False
ORD-10852,2023-08-02,2023-08-03,Standard Class,Customer_55,Corporate,West,Texas,Furniture,Bookcases,77.51,2.0,0.1,18.525,77.51,18.525,0.1147432676749495,0.0769230769230769,0.2,0.4311078858248669,0,1,False,False,False,True,False,False,False,True,2023-08-01,False
ORD-10853,2023-08-27,2023-08-30,Standard Class,Customer_44,Consumer,Central,Florida,Office Supplies,Storage,16.79,13.0,0.0,4.66,16.79,4.66,0.0186570559355627,0.9230769230769232,0.0,0.3640299951620706,1,0,True,False,False,False,False,False,False,True,2023-08-01,False
ORD-10854,2023-02-25,2023-03-03,Standard Class,Customer_87,Corporate,East,Illinois,Furniture,Tables,464.68,6.0,0.15,73.03,464.68,73.03,0.7274194633129331,0.3846153846153846,0.3,0.6947992259313015,0,1,False,True,False,False,False,False,False,True,2023-02-01,False
ORD-10855,2023-12-16,2023-12-19,Same Day,Customer_222,Consumer,South,Washington,Office Supplies,Binders,68.76,9.0,0.0,22.15,68.76,22.15,0.1008968521163257,0.6153846153846154,0.0,0.4486453797774552,1,0,False,False,True,False,False,True,False,False,2023-12-01,False
ORD-10856,2023-04-17,2023-04-18,Standard Class,Customer_122,Corporate,Central,New York,Office Supplies,Storage,86.9,12.0,0.0,24.36,86.9,24.36,0.1296024496287182,0.8461538461538461,0.0,0.4593372036768263,1,1,True,False,False,False,False,False,False,True,2023-04-01,False
ORD-10857,2023-02-17,2023-02-18,Standard Class,Customer_127,Home Office,Central,Washington,Technology,Machines,518.82,12.0,0.0,153.37,518.82,136.11499999999998,0.8130931705522348,0.8461538461538461,0.0,1.0,2,2,True,False,False,False,False,False,False,True,2023-02-01,True
ORD-10858,2024-07-26,2024-07-30,Standard Class,Customer_119,Home Office,East,Michigan,Furniture,Tables,297.66,2.0,0.1,98.37,297.66,98.37,0.463119083129923,0.0769230769230769,0.2,0.8173923560716013,0,2,False,True,False,False,False,False,False,True,2024-07-01,False
ORD-10859,2023-12-03,2023-12-04,Standard Class,Customer_162,Consumer,Central,Washington,Office Supplies,Art,96.76,2.0,0.3,6.08,96.76,6.08,0.1452053819039217,0.0769230769230769,0.6,0.370899854862119,1,0,True,False,False,False,False,False,False,True,2023-12-01,False
ORD-10860,2023-01-26,2023-02-01,Second Class,Customer_177,Consumer,East,Pennsylvania,Office Supplies,Labels,10.57,13.0,0.15,18.525,10.57,18.525,0.0088142325327467,0.9230769230769232,0.3,0.4311078858248669,1,0,False,True,False,False,False,False,True,False,2023-01-01,False
ORD-10861,2023-09-14,2023-09-20,Same Day,Customer_19,Consumer,South,Georgia,Office Supplies,Labels,101.19,14.0,0.5,-14.58,101.19,-14.58,0.1522156242953163,1.0,1.0,0.2709482341557813,1,0,False,False,True,False,False,True,False,False,2023-09-01,False
ORD-10862,2023-01-08,2023-01-14,Standard Class,Customer_14,Corporate,West,California,Furniture,Furnishings,80.37,5.0,0.0,24.17,80.37,24.17,0.1192690675032539,0.3076923076923077,0.0,0.4584179970972424,0,1,False,False,False,True,False,False,False,True,2023-01-01,False
ORD-10863,2024-09-16,2024-09-20,First Class,Customer_132,Corporate,East,Florida,Technology,Phones,499.17,10.0,0.0,18.525,499.17,18.525,0.7819980773262969,0.6923076923076923,0.0,0.4311078858248669,2,1,False,True,False,False,True,False,False,False,2024-09-01,False
ORD-10864,2023-09-10,2023-09-14,Standard Class,Customer_214,Corporate,West,California,Technology,Copiers,932.87,10.0,0.0,335.91,636.9324999999999,136.11499999999998,1.0,0.6923076923076923,0.0,1.0,2,1,False,False,False,True,False,False,False,True,2023-09-01,True
ORD-10865,2024-11-22,2024-11-23,Standard Class,Customer_71,Consumer,Central,Florida,Office Supplies,Storage,18.42,12.0,0.0,7.59,18.42,7.59,0.0212364453481977,0.8461538461538461,0.0,0.3782051282051282,1,0,True,False,False,False,False,False,False,True,2024-11-01,False
ORD-10866,2024-12-19,2024-12-21,Standard Class,Customer_185,Corporate,East,New York,Office Supplies,Paper,89.14,10.0,0.0,40.48,89.14,40.48,0.1331471320117259,0.6923076923076923,0.0,0.5373246250604742,1,1,False,True,False,False,False,False,False,True,2024-12-01,False
ORD-10867,2023-10-30,2023-11-01,Second Class,Customer_59,Consumer,South,Washington,Technology,Accessories,610.51,8.0,0.2,70.02,610.51,70.02,0.9581877811316876,0.5384615384615384,0.4,0.6802370585389453,2,0,False,False,True,False,False,False,True,False,2023-10-01,False
ORD-10868,2024-09-30,2024-10-04,Same Day,Customer_128,Corporate,East,New York,Office Supplies,Storage,56.26,11.0,0.3,8.38,56.26,8.38,0.0811162584611489,0.7692307692307693,0.6,0.3820270924044509,1,1,False,True,False,False,False,True,False,False,2024-09-01,False
ORD-10869,2023-02-25,2023-02-26,First Class,Customer_238,Consumer,East,Texas,Office Supplies,Paper,7.29,9.0,0.5,-1.36,7.29,-1.36,0.0036238047576283,0.6153846153846154,1.0,0.3349056603773584,1,0,False,True,False,False,True,False,False,False,2023-02-01,False
ORD-10870,2024-12-26,2024-12-28,Standard Class,Customer_294,Corporate,East,Texas,Technology,Machines,96.76,2.0,0.0,261.72,96.76,136.11499999999998,0.1452053819039217,0.0769230769230769,0.0,1.0,2,1,False,True,False,False,False,False,False,True,2024-12-01,True
ORD-10871,2024-06-09,2024-06-10,Standard Class,Customer_249,Consumer,West,California,Office Supplies,Binders,57.97,5.0,0.1,0.99,57.97,0.99,0.0838222436731771,0.3076923076923077,0.2,0.3462747943880019,1,0,False,False,False,True,False,False,False,True,2024-06-01,False
ORD-10872,2024-04-18,2024-04-19,Standard Class,Customer_211,Consumer,West,Ohio,Office Supplies,Binders,93.47,14.0,0.0,37.88,93.47,37.88,0.1399991296538792,1.0,0.0,0.5247460087082729,1,0,False,False,False,True,False,False,False,True,2024-04-01,False
ORD-10873,2023-01-28,2023-01-29,First Class,Customer_89,Corporate,Central,Ohio,Office Supplies,Storage,18.84,7.0,0.0,4.96,18.84,4.96,0.0219010732950117,0.4615384615384615,0.0,0.3654813739719399,1,1,True,False,False,False,True,False,False,False,2023-01-01,False
ORD-10874,2023-03-19,2023-03-24,First Class,Customer_114,Consumer,Central,Georgia,Technology,Copiers,900.98,6.0,0.3,61.12,636.9324999999999,61.12,1.0,0.3846153846153846,0.6,0.6371794871794871,2,0,True,False,False,False,True,False,False,False,2023-03-01,True
ORD-10875,2023-08-04,2023-08-10,First Class,Customer_241,Corporate,Central,Ohio,Office Supplies,Paper,55.27,6.0,0.15,18.72,55.27,18.72,0.0795496354436589,0.3846153846153846,0.3,0.432051282051282,1,1,True,False,False,False,True,False,False,False,2023-08-01,False
ORD-10876,2024-01-21,2024-01-22,Standard Class,Customer_130,Corporate,Central,Michigan,Office Supplies,Binders,47.04,7.0,0.0,13.39,47.04,13.39,0.0665260925810905,0.4615384615384615,0.0,0.4062651185292694,1,1,True,False,False,False,False,False,False,True,2024-01-01,False
ORD-10877,2023-12-31,2024-01-05,Standard Class,Customer_0,Corporate,East,Pennsylvania,Office Supplies,Binders,124.11,3.0,0.1,54.15,124.11,54.15,0.1884853208214485,0.1538461538461538,0.2,0.6034591194968553,1,1,False,True,False,False,False,False,False,True,2023-12-01,False
ORD-10878,2024-10-27,2024-10-31,Standard Class,Customer_110,Consumer,West,Pennsylvania,Office Supplies,Art,101.63,13.0,0.0,35.53,101.63,35.53,0.1529119011919786,0.9230769230769232,0.0,0.5133768746976294,1,0,False,False,False,True,False,False,False,True,2024-10-01,False
ORD-10879,2024-06-09,2024-06-11,Standard Class,Customer_178,Consumer,West,Texas,Office Supplies,Art,100.32,3.0,0.2,24.88,100.32,24.88,0.150838894976916,0.1538461538461538,0.4,0.4618529269472665,1,0,False,False,False,True,False,False,False,True,2024-06-01,False
ORD-10880,2024-11-29,2024-12-05,Standard Class,Customer_278,Corporate,West,Ohio,Office Supplies,Binders,24.15,10.0,0.1,7.06,24.15,7.06,0.0303038694797308,0.6923076923076923,0.2,0.3756410256410256,1,1,False,False,False,True,False,False,False,True,2024-11-01,False
ORD-10881,2023-11-08,2023-11-10,Standard Class,Customer_35,Consumer,West,Georgia,Office Supplies,Storage,76.17,9.0,0.5,-4.83,76.17,-4.83,0.1126227880351145,0.6153846153846154,1.0,0.318118045476536,1,0,False,False,False,True,False,False,False,True,2023-11-01,False
ORD-10882,2023-01-07,2023-01-13,Standard Class,Customer_227,Corporate,Central,Florida,Furniture,Chairs,60.05,14.0,0.0,14.17,60.05,14.17,0.0871137344573985,1.0,0.0,0.4100387034349299,0,1,True,False,False,False,False,False,False,True,2023-01-01,False
ORD-10883,2023-01-03,2023-01-05,First Class,Customer_143,Consumer,East,Texas,Technology,Phones,213.51,8.0,0.1,47.44,213.51,47.44,0.3299561266432728,0.5384615384615384,0.2,0.5709966134494436,2,0,False,True,False,False,True,False,False,False,2023-01-01,False
ORD-10884,2024-09-14,2024-09-20,First Class,Customer_46,Consumer,West,New York,Furniture,Tables,177.46,5.0,0.1,63.12,177.46,63.12,0.272908894541743,0.3076923076923077,0.2,0.6468553459119496,0,0,False,False,False,True,True,False,False,False,2024-09-01,False
ORD-10885,2023-12-29,2023-12-31,Standard Class,Customer_225,Consumer,South,Ohio,Technology,Phones,643.27,6.0,0.1,149.53,636.9324999999999,136.11499999999998,1.0,0.3846153846153846,0.2,1.0,2,0,False,False,True,False,False,False,False,True,2023-12-01,True
ORD-10886,2024-05-22,2024-05-24,Standard Class,Customer_188,Consumer,East,Texas,Furniture,Chairs,642.03,11.0,0.0,231.84,636.9324999999999,136.11499999999998,1.0,0.7692307692307693,0.0,1.0,0,0,False,True,False,False,False,False,False,True,2024-05-01,True
ORD-10887,2023-10-01,2023-10-03,Standard Class,Customer_248,Consumer,South,Ohio,Office Supplies,Binders,50.85,12.0,0.1,2.35,50.85,2.35,0.0725552175271884,0.8461538461538461,0.2,0.3528543783260764,1,0,False,False,True,False,False,False,False,True,2023-10-01,False
ORD-10888,2024-05-20,2024-05-22,Second Class,Customer_109,Corporate,East,Michigan,Furniture,Bookcases,239.61,10.0,0.3,8.86,239.61,8.86,0.371258006195282,0.6923076923076923,0.6,0.3843492985002419,0,1,False,True,False,False,False,False,True,False,2024-05-01,False
ORD-10889,2023-01-15,2023-01-19,First Class,Customer_36,Corporate,East,Georgia,Technology,Copiers,685.09,1.0,0.4,54.7,636.9324999999999,54.7,1.0,0.0,0.8,0.6061199806482825,2,1,False,True,False,False,True,False,False,False,2023-01-01,True
ORD-10890,2023-07-11,2023-07-12,First Class,Customer_158,Consumer,East,California,Office Supplies,Binders,56.19,10.0,0.2,3.79,56.19,3.79,0.0810054871366799,0.6923076923076923,0.4,0.3598209966134494,1,0,False,True,False,False,True,False,False,False,2023-07-01,False
ORD-10891,2024-09-22,2024-09-25,Second Class,Customer_57,Home Office,South,Illinois,Furniture,Chairs,96.76,12.0,0.3,44.65,96.76,44.65,0.1452053819039217,0.8461538461538461,0.6,0.5574987905176584,0,2,False,False,True,False,False,False,True,False,2024-09-01,False
ORD-10892,2024-04-29,2024-05-04,Standard Class,Customer_193,Consumer,West,Georgia,Office Supplies,Paper,30.24,1.0,0.15,6.93,30.24,6.93,0.0399409747085329,0.0,0.3,0.3750120948234155,1,0,False,False,False,True,False,False,False,True,2024-04-01,False
ORD-10893,2023-01-28,2023-01-31,Standard Class,Customer_104,Home Office,West,Ohio,Furniture,Furnishings,331.54,4.0,0.3,20.26,331.54,20.26,0.5167324041729141,0.2307692307692307,0.6,0.4395016932752782,0,2,False,False,False,True,False,False,False,True,2023-01-01,False
ORD-10894,2024-12-14,2024-12-17,Standard Class,Customer_111,Corporate,South,New York,Furniture,Bookcases,96.76,2.0,0.0,38.0,96.76,38.0,0.1452053819039217,0.0769230769230769,0.0,0.5253265602322206,0,1,False,False,True,False,False,False,False,True,2024-12-01,False
ORD-10895,2023-02-08,2023-02-14,Standard Class,Customer_213,Corporate,West,New York,Technology,Copiers,243.22,11.0,0.1,53.68,243.22,53.68,0.376970641642897,0.7692307692307693,0.2,0.6011852926947266,2,1,False,False,False,True,False,False,False,True,2023-02-01,False
ORD-10896,2023-09-30,2023-10-01,First Class,Customer_258,Consumer,Central,California,Office Supplies,Storage,133.37,7.0,0.0,42.39,133.37,42.39,0.2031387846012035,0.4615384615384615,0.0,0.5465650701499758,1,0,True,False,False,False,True,False,False,False,2023-09-01,False
ORD-10897,2023-08-19,2023-08-25,Standard Class,Customer_34,Consumer,West,Washington,Technology,Accessories,338.41,2.0,0.1,-1110.62,338.41,-70.585,0.5276038184457993,0.0769230769230769,0.2,0.0,2,0,False,False,False,True,False,False,False,True,2023-08-01,True
ORD-10898,2023-03-27,2023-03-28,Standard Class,Customer_41,Consumer,Central,New York,Office Supplies,Binders,83.27,10.0,0.0,26.27,83.27,26.27,0.1238581652312549,0.6923076923076923,0.0,0.468577648766328,1,0,True,False,False,False,False,False,False,True,2023-03-01,False
ORD-10899,2024-04-18,2024-04-19,Standard Class,Customer_12,Corporate,Central,Texas,Office Supplies,Paper,32.0,2.0,0.4,4.31,32.0,4.31,0.0427260822951818,0.0769230769230769,0.8,0.3623367198838897,1,1,True,False,False,False,False,False,False,True,2024-04-01,False
ORD-10900,2023-05-06,2023-05-08,Same Day,Customer_281,Consumer,Central,New York,Furniture,Bookcases,756.5,5.0,0.0,282.9,636.9324999999999,136.11499999999998,1.0,0.3076923076923077,0.0,1.0,0,0,True,False,False,False,False,True,False,False,2023-05-01,True
ORD-10901,2024-06-20,2024-06-24,Standard Class,Customer_151,Corporate,South,Illinois,Office Supplies,Labels,43.79,4.0,0.0,13.31,43.79,13.31,0.0613831382307445,0.2307692307692307,0.0,0.4058780841799709,1,1,False,False,True,False,False,False,False,True,2024-06-01,False
ORD-10902,2023-05-25,2023-05-27,Second Class,Customer_235,Consumer,West,California,Technology,Accessories,987.42,8.0,0.1,333.62,636.9324999999999,136.11499999999998,1.0,0.5384615384615384,0.2,1.0,2,0,False,False,False,True,False,False,True,False,2023-05-01,True
ORD-10903,2024-06-08,2024-06-12,Standard Class,Customer_276,Home Office,West,Texas,Technology,Phones,189.41,4.0,0.0,75.75,189.41,75.75,0.291819142076092,0.2307692307692307,0.0,0.7079583938074504,2,2,False,False,False,True,False,False,False,True,2024-06-01,False
ORD-10904,2023-07-31,2023-08-06,Standard Class,Customer_83,Consumer,South,Ohio,Office Supplies,Binders,35.54,14.0,0.0,7.74,35.54,7.74,0.0483279464183279,1.0,0.0,0.3789308176100628,1,0,False,False,True,False,False,False,False,True,2023-07-01,False
ORD-10905,2023-01-25,2023-01-29,Standard Class,Customer_79,Consumer,South,Georgia,Office Supplies,Paper,40.6,12.0,0.0,10.85,40.6,10.85,0.0563351307299434,0.8461538461538461,0.0,0.393976777939042,1,0,False,False,True,False,False,False,False,True,2023-01-01,False
ORD-10906,2024-08-02,2024-08-08,Second Class,Customer_263,Consumer,West,California,Office Supplies,Storage,36.48,6.0,0.1,9.15,36.48,9.15,0.0498154470611972,0.3846153846153846,0.2,0.385752298016449,1,0,False,False,False,True,False,False,True,False,2024-08-01,False
ORD-10907,2024-01-29,2024-02-01,Standard Class,Customer_6,Consumer,South,Illinois,Technology,Phones,704.78,5.0,0.1,93.96,636.9324999999999,93.96,1.0,0.3076923076923077,0.2,0.7960570875665215,2,0,False,False,True,False,False,False,False,True,2024-01-01,True
ORD-10908,2023-03-08,2023-03-11,First Class,Customer_187,Consumer,South,Pennsylvania,Office Supplies,Labels,93.13,11.0,0.2,31.41,93.13,31.41,0.1394610975064583,0.7692307692307693,0.4,0.4934446057087566,1,0,False,False,True,False,True,False,False,False,2023-03-01,False
ORD-10909,2023-08-21,2023-08-25,Standard Class,Customer_84,Corporate,Central,Illinois,Office Supplies,Binders,61.28,14.0,0.2,18.525,61.28,18.525,0.0890601448730679,1.0,0.4,0.4311078858248669,1,1,True,False,False,False,False,False,False,True,2023-08-01,False
ORD-10910,2023-04-19,2023-04-23,Standard Class,Customer_123,Consumer,South,Florida,Technology,Phones,620.15,2.0,0.1,160.58,620.15,136.11499999999998,0.9734425749585598,0.0769230769230769,0.2,1.0,2,0,False,False,True,False,False,False,False,True,2023-04-01,True
ORD-10911,2023-05-26,2023-06-01,Standard Class,Customer_18,Consumer,Central,Florida,Furniture,Tables,1457.62,11.0,0.1,470.2,636.9324999999999,136.11499999999998,1.0,0.7692307692307693,0.2,1.0,0,0,True,False,False,False,False,False,False,True,2023-05-01,True
ORD-10912,2023-04-21,2023-04-23,Standard Class,Customer_171,Home Office,East,Pennsylvania,Furniture,Tables,407.72,13.0,0.0,123.14,407.72,123.14,0.6372832541450235,0.9230769230769232,0.0,0.9372278664731496,0,2,False,True,False,False,False,False,False,True,2023-04-01,False
ORD-10913,2023-08-16,2023-08-22,Second Class,Customer_106,Consumer,Central,Michigan,Office Supplies,Art,91.27,12.0,0.2,1.18,91.27,1.18,0.136517745170568,0.8461538461538461,0.4,0.3471940009675859,1,0,True,False,False,False,False,False,True,False,2023-08-01,False
ORD-10914,2023-04-21,2023-04-23,First Class,Customer_78,Home Office,Central,New York,Technology,Copiers,197.1,7.0,0.0,41.66,197.1,41.66,0.3039881632927568,0.4615384615384615,0.0,0.5430333817126269,2,2,True,False,False,False,True,False,False,False,2023-04-01,False
ORD-10915,2024-04-14,2024-04-17,Standard Class,Customer_62,Home Office,South,Georgia,Office Supplies,Labels,32.11,8.0,0.0,16.12,32.11,16.12,0.0429001515193474,0.5384615384615384,0.0,0.4194726656990808,1,2,False,False,True,False,False,False,False,True,2024-04-01,False
ORD-10916,2023-02-03,2023-02-04,Second Class,Customer_155,Consumer,West,Washington,Office Supplies,Storage,15.78,2.0,0.2,4.67,15.78,4.67,0.0170587839682244,0.0769230769230769,0.4,0.3640783744557329,1,0,False,False,False,True,False,False,True,False,2023-02-01,False
ORD-10917,2024-09-14,2024-09-18,Standard Class,Customer_83,Consumer,East,Washington,Office Supplies,Binders,57.06,9.0,0.1,12.21,57.06,12.21,0.0823822164550802,0.6153846153846154,0.2,0.4005563618771166,1,0,False,True,False,False,False,False,False,True,2024-09-01,False
ORD-10918,2024-01-04,2024-01-06,Standard Class,Customer_2,Consumer,East,Georgia,Office Supplies,Binders,53.29,9.0,0.0,22.52,53.29,22.52,0.0764163894086789,0.6153846153846154,0.0,0.4504354136429608,1,0,False,True,False,False,False,False,False,True,2024-01-01,False
ORD-10919,2024-08-17,2024-08-23,Standard Class,Customer_258,Corporate,East,Illinois,Office Supplies,Art,11.21,3.0,0.0,4.38,11.21,4.38,0.0098269989278918,0.1538461538461538,0.0,0.3626753749395258,1,1,False,True,False,False,False,False,False,True,2024-08-01,False
ORD-10920,2024-07-07,2024-07-10,First Class,Customer_61,Corporate,West,Pennsylvania,Office Supplies,Labels,59.86,4.0,0.1,2.39,59.86,2.39,0.0868130694338398,0.2307692307692307,0.2,0.3530478955007257,1,1,False,False,False,True,True,False,False,False,2024-07-01,False
ORD-10921,2024-02-29,2024-03-02,Standard Class,Customer_108,Corporate,East,Pennsylvania,Office Supplies,Binders,67.13,8.0,0.3,-2.28,67.13,-2.28,0.0983174627036906,0.5384615384615384,0.6,0.3304547653604257,1,1,False,True,False,False,False,False,False,True,2024-02-01,False
ORD-10922,2024-09-04,2024-09-10,Second Class,Customer_208,Corporate,East,Ohio,Office Supplies,Binders,103.74,9.0,0.2,2.63,103.74,2.63,0.1562508654009724,0.6153846153846154,0.4,0.3542089985486211,1,1,False,True,False,False,False,False,True,False,2024-09-01,False
ORD-10923,2024-06-01,2024-06-05,Same Day,Customer_130,Consumer,West,California,Office Supplies,Storage,38.54,3.0,0.1,13.67,38.54,13.67,0.0530752888955703,0.1538461538461538,0.2,0.4076197387518142,1,0,False,False,False,True,False,True,False,False,2024-06-01,False
ORD-10924,2024-11-22,2024-11-26,Standard Class,Customer_95,Home Office,East,Texas,Office Supplies,Paper,86.37,5.0,0.1,8.78,86.37,8.78,0.1287637524577388,0.3076923076923077,0.2,0.3839622641509433,1,2,False,True,False,False,False,False,False,True,2024-11-01,False
ORD-10925,2023-10-09,2023-10-14,Standard Class,Customer_255,Corporate,Central,Florida,Technology,Machines,589.76,11.0,0.5,-65.97,589.76,-65.97,0.925351995664094,0.7692307692307693,1.0,0.0223270440251572,2,1,True,False,False,False,False,False,False,True,2023-10-01,False
ORD-10926,2023-11-16,2023-11-17,Standard Class,Customer_281,Corporate,South,Washington,Furniture,Furnishings,453.25,8.0,0.4,-17.87,453.25,-17.87,0.7093320884746395,0.5384615384615384,0.8,0.2550314465408804,0,1,False,False,True,False,False,False,False,True,2023-11-01,False
ORD-10927,2024-03-18,2024-03-23,Standard Class,Customer_10,Home Office,Central,New York,Technology,Copiers,176.31,3.0,0.0,55.22,176.31,55.22,0.2710890799254667,0.1538461538461538,0.0,0.6086357039187228,2,2,True,False,False,False,False,False,False,True,2024-03-01,False
ORD-10928,2023-11-11,2023-11-14,Standard Class,Customer_179,Corporate,Central,Texas,Technology,Copiers,351.36,7.0,0.2,68.57,351.36,68.57,0.5480965134725625,0.4615384615384615,0.4,0.6732220609579099,2,1,True,False,False,False,False,False,False,True,2023-11-01,False
ORD-10929,2024-01-12,2024-01-14,Second Class,Customer_58,Consumer,Central,Illinois,Office Supplies,Art,113.14,11.0,0.0,18.525,113.14,18.525,0.1711258718296653,0.7692307692307693,0.0,0.4311078858248669,1,0,True,False,False,False,False,False,True,False,2024-01-01,False
ORD-10930,2023-10-16,2023-10-19,Same Day,Customer_93,Consumer,South,Ohio,Office Supplies,Paper,94.16,8.0,0.0,35.94,94.16,35.94,0.1410910184236449,0.5384615384615384,0.0,0.5153604257377842,1,0,False,False,True,False,False,True,False,False,2023-10-01,False
ORD-10931,2024-03-12,2024-03-18,Same Day,Customer_223,Consumer,South,Texas,Office Supplies,Binders,12.02,10.0,0.15,2.72,12.02,2.72,0.0111087813967472,0.6923076923076923,0.3,0.354644412191582,1,0,False,False,True,False,False,True,False,False,2024-03-01,False
ORD-10932,2024-10-23,2024-10-27,First Class,Customer_116,Consumer,Central,Ohio,Furniture,Bookcases,469.17,11.0,0.1,200.76,469.17,136.11499999999998,0.7345246525538726,0.7692307692307693,0.2,1.0,0,0,True,False,False,False,True,False,False,False,2024-10-01,True
ORD-10933,2023-10-04,2023-10-09,First Class,Customer_244,Home Office,Central,Washington,Office Supplies,Storage,9.83,7.0,0.4,-1.19,9.83,-1.19,0.0076432213883603,0.4615384615384615,0.8,0.3357281083696178,1,2,True,False,False,False,True,False,False,False,2023-10-01,False
ORD-10934,2024-12-10,2024-12-15,Standard Class,Customer_195,Consumer,Central,Washington,Furniture,Furnishings,224.09,3.0,0.0,78.96,224.09,78.96,0.3466984211130145,0.1538461538461538,0.0,0.7234881470730528,0,0,True,False,False,False,False,False,False,True,2024-12-01,False
ORD-10935,2024-08-04,2024-08-09,Second Class,Customer_56,Corporate,Central,New York,Office Supplies,Storage,67.07,2.0,0.1,19.75,67.07,19.75,0.0982225158541458,0.0769230769230769,0.2,0.4370343492985002,1,1,True,False,False,False,False,False,True,False,2024-08-01,False
ORD-10936,2024-05-17,2024-05-20,First Class,Customer_189,Consumer,Central,Pennsylvania,Technology,Copiers,516.88,10.0,0.3,30.75,516.88,30.75,0.8100232224169513,0.6923076923076923,0.6,0.490251572327044,2,0,True,False,False,False,True,False,False,False,2024-05-01,False
ORD-10937,2024-09-15,2024-09-19,Standard Class,Customer_101,Consumer,Central,Illinois,Office Supplies,Paper,11.32,13.0,0.3,-0.31,11.32,-0.31,0.0100010681520573,0.9230769230769232,0.6,0.3399854862119013,1,0,True,False,False,False,False,False,False,True,2024-09-01,False
ORD-10938,2024-05-30,2024-06-01,Same Day,Customer_127,Home Office,Central,Michigan,Technology,Phones,169.73,7.0,0.0,76.47,169.73,76.47,0.2606765754253817,0.4615384615384615,0.0,0.711441702951137,2,2,True,False,False,False,False,True,False,False,2024-05-01,False
ORD-10939,2023-12-16,2023-12-22,Standard Class,Customer_20,Home Office,South,Georgia,Office Supplies,Paper,149.33,12.0,0.1,42.85,149.33,42.85,0.2283946465801332,0.8461538461538461,0.2,0.5487905176584422,1,2,False,False,True,False,False,False,False,True,2023-12-01,False
ORD-10940,2024-03-21,2024-03-23,Standard Class,Customer_167,Corporate,West,New York,Technology,Phones,119.4,9.0,0.15,13.57,119.4,13.57,0.1810319931321779,0.6153846153846154,0.3,0.4071359458151911,2,1,False,False,False,True,False,False,False,True,2024-03-01,False
ORD-10941,2023-12-16,2023-12-19,Second Class,Customer_237,Consumer,West,Washington,Office Supplies,Art,29.41,1.0,0.0,11.33,29.41,11.33,0.0386275432898292,0.0,0.0,0.3962989840348331,1,0,False,False,False,True,False,False,True,False,2023-12-01,False
ORD-10942,2024-08-29,2024-09-04,Same Day,Customer_250,Consumer,Central,California,Furniture,Furnishings,5.0,3.0,0.4,0.63,5.0,0.63,0.0,0.1538461538461538,0.8,0.3445331398161586,0,0,True,False,False,False,False,True,False,False,2024-08-01,False
ORD-10943,2024-10-25,2024-10-30,Standard Class,Customer_290,Consumer,West,Pennsylvania,Office Supplies,Storage,168.59,5.0,0.3,13.0,168.59,13.0,0.2588725852840296,0.3076923076923077,0.6,0.4043783260764392,1,0,False,False,False,True,False,False,False,True,2024-10-01,False
ORD-10944,2023-05-17,2023-05-18,Second Class,Customer_235,Consumer,West,Georgia,Furniture,Chairs,110.05,3.0,0.0,38.5,110.05,38.5,0.1662361090781056,0.1538461538461538,0.0,0.5277455249153362,0,0,False,False,False,True,False,False,True,False,2023-05-01,False
ORD-10945,2023-08-31,2023-09-03,Standard Class,Customer_69,Consumer,South,California,Office Supplies,Storage,96.76,1.0,0.0,11.16,96.76,11.16,0.1452053819039217,0.0,0.0,0.3954765360425737,1,0,False,False,True,False,False,False,False,True,2023-08-01,False
ORD-10946,2024-06-26,2024-06-29,Standard Class,Customer_158,Home Office,Central,New York,Technology,Accessories,73.53,7.0,0.0,20.03,73.53,20.03,0.1084451266551412,0.4615384615384615,0.0,0.438388969521045,2,2,True,False,False,False,False,False,False,True,2024-06-01,False
ORD-10947,2023-02-09,2023-02-13,First Class,Customer_287,Corporate,Central,Texas,Furniture,Chairs,262.73,7.0,0.3,57.33,262.73,57.33,0.407844192219897,0.4615384615384615,0.6,0.6188437348814707,0,1,True,False,False,False,True,False,False,False,2023-02-01,False
ORD-10948,2023-08-17,2023-08-19,Second Class,Customer_46,Home Office,West,Michigan,Office Supplies,Binders,36.91,10.0,0.0,15.79,36.91,15.79,0.0504958994829352,0.6923076923076923,0.0,0.4178761490082245,1,2,False,False,False,True,False,False,True,False,2023-08-01,False
ORD-10949,2024-07-01,2024-07-04,Second Class,Customer_54,Corporate,Central,Ohio,Office Supplies,Binders,129.59,12.0,0.1,24.11,129.59,24.11,0.197157133079878,0.8461538461538461,0.2,0.4581277213352685,1,1,True,False,False,False,False,False,True,False,2024-07-01,False
ORD-10950,2023-08-11,2023-08-14,Standard Class,Customer_295,Consumer,Central,Georgia,Technology,Copiers,908.34,8.0,0.1,187.61,636.9324999999999,136.11499999999998,1.0,0.5384615384615384,0.2,1.0,2,0,True,False,False,False,False,False,False,True,2023-08-01,True
ORD-10951,2023-01-06,2023-01-11,Standard Class,Customer_96,Home Office,Central,Georgia,Office Supplies,Storage,179.82,5.0,0.15,31.11,179.82,31.11,0.2766434706238404,0.3076923076923077,0.3,0.4919932268988872,1,2,True,False,False,False,False,False,False,True,2023-01-01,False
ORD-10952,2023-11-18,2023-11-23,Second Class,Customer_28,Consumer,Central,New York,Office Supplies,Labels,75.55,7.0,0.0,15.36,75.55,15.36,0.1116416705898177,0.4615384615384615,0.0,0.415795839380745,1,0,True,False,False,False,False,False,True,False,2023-11-01,False
ORD-10953,2024-04-12,2024-04-18,Standard Class,Customer_188,Home Office,West,Georgia,Office Supplies,Binders,18.1,12.0,0.0,6.71,18.1,6.71,0.0207300621506252,0.8461538461538461,0.0,0.3739477503628446,1,2,False,False,False,True,False,False,False,True,2024-04-01,False
ORD-10954,2023-03-16,2023-03-17,Standard Class,Customer_88,Consumer,East,Ohio,Office Supplies,Labels,48.74,5.0,0.4,-3.91,48.74,-3.91,0.0692162533181946,0.3076923076923077,0.8,0.3225689404934688,1,0,False,True,False,False,False,False,False,True,2023-03-01,False
ORD-10955,2023-01-04,2023-01-08,Same Day,Customer_24,Consumer,West,Ohio,Office Supplies,Storage,96.76,5.0,0.3,2.39,96.76,2.39,0.1452053819039217,0.3076923076923077,0.6,0.3530478955007257,1,0,False,False,False,True,False,True,False,False,2023-01-01,False
ORD-10956,2024-10-07,2024-10-08,Standard Class,Customer_49,Home Office,South,California,Technology,Copiers,94.86,1.0,0.2,6.33,94.86,6.33,0.1421987316683348,0.0,0.4,0.3721093372036768,2,2,False,False,True,False,False,False,False,True,2024-10-01,False
ORD-10957,2023-04-28,2023-05-04,Standard Class,Customer_159,Corporate,East,Texas,Office Supplies,Labels,156.83,10.0,0.0,66.47,156.83,66.47,0.2402630027732392,0.6923076923076923,0.0,0.6630624092888244,1,1,False,True,False,False,False,False,False,True,2023-04-01,False
ORD-10958,2024-08-28,2024-09-02,Standard Class,Customer_138,Home Office,East,Ohio,Technology,Copiers,657.41,5.0,0.0,268.89,636.9324999999999,136.11499999999998,1.0,0.3076923076923077,0.0,1.0,2,2,False,True,False,False,False,False,False,True,2024-08-01,True
ORD-10959,2024-05-18,2024-05-20,Standard Class,Customer_186,Home Office,East,Michigan,Furniture,Furnishings,460.29,6.0,0.15,72.97,460.29,72.97,0.720472518821235,0.3846153846153846,0.3,0.6945089501693276,0,2,False,True,False,False,False,False,False,True,2024-05-01,False
ORD-10960,2024-07-27,2024-08-01,Standard Class,Customer_85,Consumer,West,Georgia,Office Supplies,Storage,9.8,13.0,0.0,3.71,9.8,3.71,0.0075957479635878,0.9230769230769232,0.0,0.3594339622641509,1,0,False,False,False,True,False,False,False,True,2024-07-01,False
ORD-10961,2024-03-16,2024-03-20,Standard Class,Customer_81,Consumer,South,California,Technology,Machines,465.95,12.0,0.3,40.37,465.95,40.37,0.729429171628299,0.8461538461538461,0.6,0.5367924528301886,2,0,False,False,True,False,False,False,False,True,2024-03-01,False
ORD-10962,2023-07-13,2023-07-18,Standard Class,Customer_278,Consumer,West,Washington,Furniture,Furnishings,217.53,1.0,0.15,72.57,217.53,72.57,0.3363175655627777,0.0,0.3,0.692573778422835,0,0,False,False,False,True,False,False,False,True,2023-07-01,False
ORD-10963,2024-12-15,2024-12-19,Standard Class,Customer_69,Corporate,South,California,Technology,Copiers,420.35,11.0,0.0,112.4,420.35,112.4,0.6572695659742142,0.7692307692307693,0.0,0.8852685050798259,2,1,False,False,True,False,False,False,False,True,2024-12-01,False
ORD-10964,2024-01-27,2024-01-31,Standard Class,Customer_21,Corporate,West,Michigan,Office Supplies,Storage,6.0,7.0,0.3,0.41,6.0,0.41,0.0015824474924141,0.4615384615384615,0.6,0.3434687953555878,1,1,False,False,False,True,False,False,False,True,2024-01-01,False
ORD-10965,2023-01-26,2023-01-30,Standard Class,Customer_200,Consumer,West,Pennsylvania,Office Supplies,Storage,74.75,1.0,0.4,-4.58,74.75,-4.58,0.1103757125958864,0.0,0.8,0.3193275278180938,1,0,False,False,False,True,False,False,False,True,2023-01-01,False
ORD-10966,2024-03-10,2024-03-16,Standard Class,Customer_68,Corporate,West,California,Technology,Accessories,32.7,11.0,0.0,11.56,32.7,11.56,0.0438337955398717,0.7692307692307693,0.0,0.3974117077890662,2,1,False,False,False,True,False,False,False,True,2024-03-01,False
ORD-10967,2023-06-22,2023-06-26,Standard Class,Customer_42,Corporate,East,Washington,Office Supplies,Binders,44.39,2.0,0.1,13.44,44.39,13.44,0.062332606726193,0.0769230769230769,0.2,0.406507014997581,1,1,False,True,False,False,False,False,False,True,2023-06-01,False
ORD-10968,2023-10-27,2023-10-31,Standard Class,Customer_117,Consumer,West,Ohio,Furniture,Furnishings,370.74,2.0,0.1,110.43,370.74,110.43,0.5787643458755485,0.0769230769230769,0.2,0.8757377842283502,0,0,False,False,False,True,False,False,False,True,2023-10-01,False
ORD-10969,2024-10-06,2024-10-08,Same Day,Customer_23,Home Office,South,Florida,Office Supplies,Art,87.32,5.0,0.1,20.16,87.32,20.16,0.1302670775755322,0.3076923076923077,0.2,0.439017900338655,1,2,False,False,True,False,False,True,False,False,2024-10-01,False
ORD-10970,2023-11-22,2023-11-23,Second Class,Customer_97,Corporate,South,Florida,Office Supplies,Art,67.69,14.0,0.0,-264.17,67.69,-70.585,0.0992036332994426,1.0,0.0,0.0,1,1,False,False,True,False,False,False,True,False,2023-11-01,True
ORD-10971,2024-02-14,2024-02-17,Second Class,Customer_203,Home Office,Central,Florida,Technology,Machines,587.48,10.0,0.15,190.1,587.48,136.11499999999998,0.9217440153813898,0.6923076923076923,0.3,1.0,2,2,True,False,False,False,False,False,True,False,2024-02-01,True
ORD-10972,2023-04-28,2023-04-29,Standard Class,Customer_66,Consumer,East,Pennsylvania,Office Supplies,Paper,66.17,13.0,0.4,1.95,66.17,1.95,0.0967983131109731,0.9230769230769232,0.8,0.3509192065795839,1,0,False,True,False,False,False,False,False,True,2023-04-01,False
ORD-10973,2024-12-24,2024-12-28,First Class,Customer_142,Consumer,West,Washington,Office Supplies,Storage,96.76,7.0,0.1,5.89,96.76,5.89,0.1452053819039217,0.4615384615384615,0.2,0.3699806482825351,1,0,False,False,False,True,True,False,False,False,2024-12-01,False
ORD-10974,2023-08-13,2023-08-15,Second Class,Customer_50,Consumer,West,Michigan,Office Supplies,Binders,9.59,1.0,0.0,3.18,9.59,3.18,0.0072634339901809,0.0,0.0,0.3568698597000484,1,0,False,False,False,True,False,False,True,False,2023-08-01,False
ORD-10975,2024-06-15,2024-06-20,First Class,Customer_285,Consumer,Central,New York,Office Supplies,Labels,111.98,10.0,0.15,28.98,111.98,28.98,0.1692902327384649,0.6923076923076923,0.3,0.4816884373488147,1,0,True,False,False,False,True,False,False,False,2024-06-01,False
ORD-10976,2023-04-23,2023-04-25,Standard Class,Customer_85,Home Office,East,Florida,Office Supplies,Storage,138.43,1.0,0.0,50.97,138.43,50.97,0.211145968912819,0.0,0.0,0.5880745041122399,1,2,False,True,False,False,False,False,False,True,2023-04-01,False
ORD-10977,2023-05-20,2023-05-24,Same Day,Customer_234,Consumer,Central,New York,Office Supplies,Paper,42.78,1.0,0.3,-2.22,42.78,-2.22,0.0597848662634063,0.0,0.6,0.3307450411223996,1,0,True,False,False,False,False,True,False,False,2023-05-01,False
ORD-10978,2024-07-12,2024-07-14,First Class,Customer_175,Corporate,South,Pennsylvania,Technology,Copiers,211.88,6.0,0.1,18.525,211.88,18.525,0.3273767372306378,0.3846153846153846,0.2,0.4311078858248669,2,1,False,False,True,False,True,False,False,False,2024-07-01,False
ORD-10979,2023-01-01,2023-01-03,First Class,Customer_135,Corporate,West,New York,Office Supplies,Storage,5.84,2.0,0.0,1.64,5.84,1.64,0.0013292558936278,0.0769230769230769,0.0,0.3494194484760522,1,1,False,False,False,True,True,False,False,False,2023-01-01,False
ORD-10980,2023-03-31,2023-04-04,Standard Class,Customer_17,Consumer,Central,Georgia,Office Supplies,Storage,32.98,1.0,0.0,7.8,32.98,7.8,0.0442768808377477,0.0,0.0,0.3792210933720367,1,0,True,False,False,False,False,False,False,True,2023-03-01,False
ORD-10981,2024-10-15,2024-10-21,Standard Class,Customer_51,Consumer,West,Pennsylvania,Furniture,Tables,149.78,6.0,0.2,5.47,149.78,5.47,0.2291067479517195,0.3846153846153846,0.4,0.3679487179487179,0,0,False,False,False,True,False,False,False,True,2024-10-01,False
ORD-10982,2023-11-16,2023-11-18,Standard Class,Customer_247,Corporate,West,New York,Furniture,Furnishings,87.78,14.0,0.0,29.2,87.78,29.2,0.1309950034220427,1.0,0.0,0.4827527818093856,0,1,False,False,False,True,False,False,False,True,2023-11-01,False
ORD-10983,2024-07-03,2024-07-06,Standard Class,Customer_66,Corporate,Central,California,Furniture,Furnishings,686.4,2.0,0.2,60.87,636.9324999999999,60.87,1.0,0.0769230769230769,0.4,0.6359700048379293,0,1,True,False,False,False,False,False,False,True,2024-07-01,True
ORD-10984,2023-05-19,2023-05-22,First Class,Customer_133,Consumer,East,Florida,Furniture,Furnishings,465.66,6.0,0.0,76.32,465.66,76.32,0.728970261855499,0.3846153846153846,0.0,0.7107160135462022,0,0,False,True,False,False,True,False,False,False,2023-05-01,False
ORD-10985,2024-05-25,2024-05-27,Standard Class,Customer_37,Home Office,West,Texas,Office Supplies,Art,80.99,10.0,0.0,26.02,80.99,26.02,0.1202501849485506,0.6923076923076923,0.0,0.4673681664247702,1,2,False,False,False,True,False,False,False,True,2024-05-01,False
ORD-10986,2023-09-16,2023-09-22,Standard Class,Customer_76,Consumer,West,Illinois,Office Supplies,Binders,45.04,8.0,0.1,9.94,45.04,9.94,0.0633611975962622,0.5384615384615384,0.2,0.3895742622157716,1,0,False,False,False,True,False,False,False,True,2023-09-01,False
ORD-10987,2024-11-03,2024-11-08,Standard Class,Customer_283,Consumer,West,Pennsylvania,Office Supplies,Binders,21.07,2.0,0.4,-0.46,21.07,-0.46,0.0254299312030952,0.0769230769230769,0.8,0.3392597968069666,1,0,False,False,False,True,False,False,False,True,2024-11-01,False
ORD-10988,2024-11-20,2024-11-24,Standard Class,Customer_221,Corporate,Central,Ohio,Technology,Copiers,421.75,11.0,0.4,-25.44,421.75,-25.44,0.6594849924635939,0.7692307692307693,0.8,0.2184083212385099,2,1,True,False,False,False,False,False,False,True,2024-11-01,False
ORD-10989,2023-01-10,2023-01-13,Standard Class,Customer_91,Consumer,West,Illinois,Technology,Accessories,394.09,9.0,0.0,18.525,394.09,18.525,0.6157144948234187,0.6153846153846154,0.0,0.4311078858248669,2,0,False,False,False,True,False,False,False,True,2023-01-01,False
ORD-10990,2023-09-18,2023-09-23,First Class,Customer_58,Home Office,East,Michigan,Technology,Phones,69.28,8.0,0.1,20.88,69.28,20.88,0.101719724812381,0.5384615384615384,0.2,0.4425012094823415,2,2,False,True,False,False,True,False,False,False,2023-09-01,False
ORD-10991,2024-10-11,2024-10-13,Second Class,Customer_139,Consumer,East,Pennsylvania,Office Supplies,Storage,81.17,12.0,0.0,25.16,81.17,25.16,0.1205350254971852,0.8461538461538461,0.0,0.4632075471698113,1,0,False,True,False,False,False,False,True,False,2024-10-01,False
ORD-10992,2023-06-21,2023-06-26,Standard Class,Customer_171,Consumer,South,Pennsylvania,Office Supplies,Labels,49.26,10.0,0.1,12.56,49.26,12.56,0.0700391260142499,0.6923076923076923,0.2,0.4022496371552975,1,0,False,False,True,False,False,False,False,True,2023-06-01,False
ORD-10993,2023-01-13,2023-01-14,Standard Class,Customer_46,Consumer,East,New York,Office Supplies,Storage,52.62,1.0,0.1,19.64,52.62,19.64,0.0753561495887614,0.0,0.2,0.4365021770682148,1,0,False,True,False,False,False,False,False,True,2023-01-01,False
ORD-10994,2023-06-17,2023-06-20,Standard Class,Customer_211,Corporate,South,Pennsylvania,Furniture,Furnishings,170.91,7.0,0.3,26.75,170.91,26.75,0.2625438634664304,0.4615384615384615,0.6,0.470899854862119,0,1,False,False,True,False,False,False,False,True,2023-06-01,False
ORD-10995,2024-10-03,2024-10-05,Standard Class,Customer_88,Corporate,East,Florida,Office Supplies,Binders,38.69,14.0,0.4,-4.71,38.69,-4.71,0.0533126560194324,1.0,0.8,0.3186985970004838,1,1,False,True,False,False,False,False,False,True,2024-10-01,False
ORD-10996,2024-08-18,2024-08-22,Second Class,Customer_168,Corporate,South,Washington,Technology,Accessories,612.41,13.0,0.1,111.49,612.41,111.49,0.9611944313672744,0.9230769230769232,0.2,0.8808659893565554,2,1,False,False,True,False,False,False,True,False,2024-08-01,False
ORD-10997,2023-11-17,2023-11-23,Second Class,Customer_244,Consumer,West,Washington,Technology,Phones,1082.0,10.0,0.1,213.64,636.9324999999999,136.11499999999998,1.0,0.6923076923076923,0.2,1.0,2,0,False,False,False,True,False,False,True,False,2023-11-01,True
ORD-10998,2023-11-15,2023-11-17,Second Class,Customer_36,Consumer,Central,Michigan,Furniture,Chairs,864.33,6.0,0.3,38.74,636.9324999999999,38.74,1.0,0.3846153846153846,0.6,0.5289066279632317,0,0,True,False,False,False,False,False,True,False,2023-11-01,True
ORD-10999,2024-09-04,2024-09-08,Second Class,Customer_280,Home Office,Central,Georgia,Office Supplies,Binders,36.51,14.0,0.2,4.47,36.51,4.47,0.0498629204859696,1.0,0.4,0.3631107885824867,1,2,True,False,False,False,False,False,True,False,2024-09-01,False
